RevolvingUtilizationOfUnsecuredLines,age,NumberOfTime30_59DaysPastDueNotWorse,DebtRatio,MonthlyIncome,NumberOfOpenCreditLinesAndLoans,NumberOfTimes90DaysLate,NumberRealEstateLoansOrLines,NumberOfTime60_89DaysPastDueNotWorse,NumberOfDependents,MonthlyIncomeWasMissing,NumberOfDependentsWasMissing,AgeWasInvalid,PastDueExtremeCode,prediction,default_probability,risk_label,model_version,mlflow_run_id
0.972458717,56.0,0.0,4227.0,5382.0,9,0.0,2,0.0,0.0,0.0,0.0,0.0,0.0,,,,,
0.887938129,61.0,0.0,0.618487173,7561.0,20,0.0,3,0.0,2.0,0.0,0.0,0.0,0.0,,,,,
0.9999999,35.0,0.0,0.044888798,4900.0,3,1.0,0,0.0,0.0,0.0,0.0,0.0,0.0,,,,,
0.04589541,51.0,0.0,0.236199884,3441.0,2,0.0,1,0.0,2.0,0.0,0.0,0.0,0.0,,,,,
0.675324675,28.0,1.0,0.107040092,5212.0,3,0.0,0,0.0,3.0,0.0,0.0,0.0,0.0,,,,,
0.622068897,28.0,0.0,0.260695722,2500.0,5,0.0,0,0.0,0.0,0.0,0.0,0.0,0.0,,,,,
0.328008345,78.0,0.0,0.337586896,10500.0,27,0.0,1,0.0,0.0,0.0,0.0,0.0,0.0,,,,,
0.639057479,46.0,0.0,0.348759719,2700.0,3,0.0,2,0.0,0.0,0.0,0.0,0.0,0.0,,,,,
0.921527546,62.0,3.0,0.737161036,6600.0,16,0.0,3,0.0,0.0,0.0,0.0,0.0,0.0,,,,,
0.9999999,29.0,0.0,0.002570694,3500.0,0,0.0,0,0.0,2.0,0.0,0.0,0.0,0.0,,,,,
0.320804188,61.0,0.0,0.230994152,10259.0,23,0.0,0,0.0,0.0,0.0,0.0,0.0,0.0,,,,,
0.0,54.0,0.0,0.289296046,5184.0,6,0.0,2,0.0,0.0,0.0,0.0,0.0,0.0,,,,,
0.900398406,33.0,1.0,0.314195417,3796.0,4,1.0,1,0.0,2.0,0.0,0.0,0.0,0.0,,,,,
0.016899155,50.0,0.0,0.132657892,10560.0,5,0.0,1,0.0,4.0,0.0,0.0,0.0,0.0,,,,,
0.061823454,68.0,0.0,0.078256247,9404.0,6,0.0,1,0.0,0.0,0.0,0.0,0.0,0.0,,,,,
0.9999999,42.0,0.0,1.197086547,2333.0,2,0.0,1,0.0,1.0,0.0,0.0,0.0,0.0,,,,,
0.055984915,67.0,0.0,0.100415013,,3,0.0,1,0.0,1.0,1.0,0.0,0.0,0.0,,,,,
0.300149897,65.0,0.0,0.732965009,14660.0,23,0.0,5,0.0,0.0,0.0,0.0,0.0,0.0,,,,,
0.079983637,54.0,1.0,0.497361942,2842.0,12,0.0,1,0.0,0.0,0.0,0.0,0.0,0.0,,,,,
0.435939102,60.0,0.0,0.551185941,8136.0,11,0.0,2,0.0,1.0,0.0,0.0,0.0,0.0,,,,,
0.024931252,77.0,0.0,32.0,5382.0,5,0.0,0,0.0,0.0,0.0,0.0,0.0,0.0,,,,,
1.002104709,42.0,2.0,0.747261346,,8,0.0,1,1.0,2.0,1.0,0.0,0.0,0.0,,,,,
0.101488925,62.0,1.0,981.0,5382.0,10,0.0,1,0.0,0.0,0.0,0.0,0.0,0.0,,,,,
0.896983107,33.0,0.0,0.531688643,4701.0,8,0.0,1,0.0,1.0,0.0,0.0,0.0,0.0,,,,,
0.46036445,48.0,0.0,0.249182849,5200.0,10,0.0,0,0.0,0.0,0.0,0.0,0.0,0.0,,,,,
0.127234911,62.0,0.0,0.997231195,,4,0.0,1,0.0,0.0,1.0,0.0,0.0,0.0,,,,,
0.122083038,56.0,0.0,0.235284632,6200.0,12,0.0,1,0.0,1.0,0.0,0.0,0.0,0.0,,,,,
0.124797064,81.0,0.0,0.31387445,,13,0.0,2,0.0,0.0,1.0,0.0,0.0,0.0,,,,,
0.264120389,49.0,1.0,0.158536585,6395.0,12,0.0,0,0.0,0.0,0.0,0.0,0.0,0.0,,,,,
0.013362422,70.0,0.0,0.001428061,2800.0,2,0.0,0,0.0,0.0,0.0,0.0,0.0,0.0,,,,,
0.381802963,73.0,0.0,0.167180894,8750.0,10,0.0,0,0.0,3.0,0.0,0.0,0.0,0.0,,,,,
0.001124965,56.0,0.0,0.235252107,7000.0,7,0.0,1,0.0,0.0,0.0,0.0,0.0,0.0,,,,,
0.023203608,57.0,0.0,0.332180305,9250.0,7,0.0,1,0.0,1.0,0.0,0.0,0.0,0.0,,,,,
0.019088777,53.0,0.0,0.257869811,10768.0,7,0.0,2,0.0,1.0,0.0,0.0,0.0,0.0,,,,,
0.382747401,49.0,2.0,0.211841599,2600.0,4,0.0,0,0.0,2.0,0.0,0.0,0.0,0.0,,,,,
0.139286781,63.0,0.0,0.278715161,,16,0.0,3,0.0,0.0,1.0,0.0,0.0,0.0,,,,,
0.747925207,48.0,0.0,0.541330258,2600.0,6,0.0,2,0.0,1.0,0.0,0.0,0.0,0.0,,,,,
0.592145127,73.0,0.0,0.496424599,6292.0,6,0.0,1,0.0,0.0,0.0,0.0,0.0,0.0,,,,,
0.869710912,62.0,0.0,0.385220126,,12,0.0,2,1.0,2.0,1.0,0.0,0.0,0.0,,,,,
0.70718739,53.0,0.0,3365.0,,11,0.0,2,0.0,0.0,1.0,0.0,0.0,0.0,,,,,
0.027413051,54.0,0.0,0.115931777,12722.0,17,0.0,1,0.0,3.0,0.0,0.0,0.0,0.0,,,,,
0.02558673,42.0,0.0,0.192911205,5416.0,5,0.0,1,0.0,0.0,0.0,0.0,0.0,0.0,,,,,
0.375367045,43.0,0.0,0.481625741,,11,0.0,1,0.0,3.0,1.0,0.0,0.0,0.0,,,,,
0.035324725,48.0,0.0,0.286379873,6438.0,12,0.0,2,0.0,2.0,0.0,0.0,0.0,0.0,,,,,
0.778429356,45.0,2.0,0.343487647,12506.0,14,0.0,2,0.0,3.0,0.0,0.0,0.0,0.0,,,,,
0.414107096,40.0,0.0,1.127521614,4163.0,11,0.0,2,0.0,0.0,0.0,0.0,0.0,0.0,,,,,
0.722789871,52.0,0.0,0.492317751,6117.0,3,0.0,2,0.0,2.0,0.0,0.0,0.0,0.0,,,,,
0.66941891,54.0,0.0,0.333422217,18750.0,10,0.0,2,0.0,0.0,0.0,0.0,0.0,0.0,,,,,
0.522571795,54.0,0.0,0.373111283,9066.0,9,0.0,2,0.0,1.0,0.0,0.0,0.0,0.0,,,,,
0.001749913,47.0,0.0,0.000999001,1000.0,2,0.0,0,0.0,0.0,0.0,0.0,0.0,0.0,,,,,
0.0,43.0,0.0,3342.0,5382.0,10,0.0,5,0.0,0.0,0.0,0.0,0.0,0.0,,,,,
0.736723641,61.0,3.0,0.722875287,7400.0,14,1.0,3,1.0,0.0,0.0,0.0,0.0,0.0,,,,,
0.014792777,72.0,0.0,0.450803213,,9,0.0,2,1.0,1.0,1.0,0.0,0.0,0.0,,,,,
0.196150999,36.0,0.0,0.137363483,6500.0,4,0.0,0,0.0,0.0,0.0,0.0,0.0,0.0,,,,,
0.034699306,75.0,0.0,0.557377049,2500.0,7,0.0,1,0.0,0.0,0.0,0.0,0.0,0.0,,,,,
0.012082614,50.0,0.0,0.431268749,5666.0,8,0.0,1,0.0,0.0,0.0,0.0,0.0,0.0,,,,,
0.373496665,41.0,0.0,0.557460164,8283.0,16,0.0,2,0.0,2.0,0.0,0.0,0.0,0.0,,,,,
0.064705722,54.0,0.0,0.268446311,,4,0.0,1,0.0,1.0,1.0,0.0,0.0,0.0,,,,,
0.231799466,39.0,0.0,0.135232301,3615.0,4,0.0,0,0.0,0.0,0.0,0.0,0.0,0.0,,,,,
0.083357777,61.0,0.0,115.0,5382.0,6,0.0,0,0.0,0.0,0.0,0.0,0.0,0.0,,,,,
0.54050171,58.0,0.0,0.359633674,8516.0,19,0.0,2,0.0,1.0,0.0,0.0,0.0,0.0,,,,,
0.004519853,66.0,0.0,0.310853675,7250.0,11,0.0,2,0.0,1.0,0.0,0.0,0.0,0.0,,,,,
0.098390161,59.0,0.0,0.292416607,8333.0,5,0.0,2,0.0,0.0,0.0,0.0,0.0,0.0,,,,,
0.07627655,56.0,0.0,0.313113037,10500.0,12,0.0,3,0.0,1.0,0.0,0.0,0.0,0.0,,,,,
0.978167796,55.0,0.0,0.410596993,,7,0.0,2,0.0,1.0,1.0,0.0,0.0,0.0,,,,,
0.927695089,41.0,0.0,0.385695059,5200.0,9,0.0,0,0.0,0.0,0.0,0.0,0.0,0.0,,,,,
0.470355433,53.0,0.0,0.419834903,8600.0,12,0.0,2,0.0,0.0,0.0,0.0,0.0,0.0,,,,,
0.337652988,59.0,0.0,0.183697678,,7,0.0,2,0.0,0.0,1.0,0.0,0.0,0.0,,,,,
0.900455505,26.0,0.0,0.928136419,820.0,3,0.0,0,0.0,0.0,0.0,0.0,0.0,0.0,,,,,
0.603716694,56.0,0.0,2839.0,5382.0,7,1.0,1,1.0,0.0,0.0,0.0,0.0,0.0,,,,,
0.642984014,71.0,2.0,1473.0,5382.0,2,0.0,1,0.0,0.0,0.0,0.0,0.0,0.0,,,,,
0.107121652,54.0,0.0,3.16957606,400.0,7,0.0,1,0.0,0.0,0.0,0.0,0.0,0.0,,,,,
0.346678438,30.0,0.0,0.638969118,,17,0.0,0,0.0,0.0,1.0,0.0,0.0,0.0,,,,,
0.036518713,31.0,0.0,0.287004864,8633.0,7,0.0,1,0.0,0.0,0.0,0.0,0.0,0.0,,,,,
0.009579342,44.0,1.0,0.38035992,4500.0,4,5.0,0,0.0,5.0,0.0,0.0,0.0,0.0,,,,,
0.154185681,27.0,0.0,0.123251166,1500.0,3,0.0,0,0.0,0.0,0.0,0.0,0.0,0.0,,,,,
0.155979874,41.0,0.0,0.117176565,5000.0,4,0.0,0,0.0,1.0,0.0,0.0,0.0,0.0,,,,,
0.025131658,76.0,0.0,1022.0,5382.0,6,0.0,2,0.0,0.0,0.0,0.0,0.0,0.0,,,,,
0.165104996,36.0,2.0,0.183297948,4238.0,7,0.0,0,0.0,1.0,0.0,0.0,0.0,0.0,,,,,
0.015473267,64.0,0.0,831.0,,5,0.0,1,0.0,0.0,1.0,0.0,0.0,0.0,,,,,
0.041281461,44.0,0.0,0.725578769,,11,0.0,3,0.0,2.0,1.0,0.0,0.0,0.0,,,,,
0.014899851,48.0,1.0,0.516428056,9708.0,15,0.0,1,0.0,1.0,0.0,0.0,0.0,0.0,,,,,
1.25e-05,69.0,0.0,0.112791592,3900.0,7,0.0,0,0.0,0.0,0.0,0.0,0.0,0.0,,,,,
0.9999999,61.0,0.0,0.002451455,,0,0.0,0,0.0,0.0,1.0,0.0,0.0,0.0,,,,,
0.005494304,64.0,0.0,4.0,5382.0,13,0.0,0,0.0,0.0,0.0,0.0,0.0,0.0,,,,,
0.0,31.0,0.0,0.629446064,,5,0.0,1,0.0,0.0,1.0,0.0,0.0,0.0,,,,,
0.9999999,62.0,0.0,0.126835138,4154.0,3,0.0,0,0.0,1.0,0.0,0.0,0.0,0.0,,,,,
1.0953084438899974,67.0,0.0,0.270837891,4570.0,8,0.0,0,0.0,0.0,0.0,0.0,0.0,0.0,,,,,
0.247403181,78.0,0.0,0.036491325,7261.0,9,0.0,0,0.0,0.0,0.0,0.0,0.0,0.0,,,,,
0.046755785,50.0,1.0,316.0,1.0,23,0.0,1,0.0,2.0,0.0,0.0,0.0,0.0,,,,,
0.9999999,61.0,1.0,0.467365028,1240.0,2,0.0,0,0.0,0.0,0.0,0.0,0.0,0.0,,,,,
0.9999999,57.0,0.0,0.248280275,,7,0.0,1,0.0,1.0,1.0,0.0,0.0,0.0,,,,,
0.034993079,74.0,0.0,0.020398368,4166.0,10,0.0,0,0.0,0.0,0.0,0.0,0.0,0.0,,,,,
0.039022348,41.0,0.0,0.136158625,11750.0,6,0.0,2,0.0,2.0,0.0,0.0,0.0,0.0,,,,,
0.613172375,72.0,0.0,0.698365082,6666.0,10,0.0,2,0.0,0.0,0.0,0.0,0.0,0.0,,,,,
0.80267098,45.0,0.0,2.065494657,,16,0.0,2,0.0,0.0,1.0,0.0,0.0,0.0,,,,,
0.533154029,31.0,0.0,1.468133884,2180.0,9,0.0,1,0.0,0.0,0.0,0.0,0.0,0.0,,,,,
0.028003553,64.0,0.0,0.238334608,9150.0,11,0.0,1,0.0,0.0,0.0,0.0,0.0,0.0,,,,,
0.9999999,42.0,3.0,0.7994002,3000.0,2,1.0,1,1.0,3.0,0.0,0.0,0.0,0.0,,,,,
0.265521316,38.0,0.0,0.050071531,6290.0,2,0.0,0,0.0,0.0,0.0,0.0,0.0,0.0,,,,,
0.032719579,61.0,0.0,0.102316602,5179.0,10,0.0,1,0.0,0.0,0.0,0.0,0.0,0.0,,,,,
0.777400128,46.0,2.0,0.40223034,5200.0,9,2.0,2,0.0,0.0,0.0,0.0,0.0,0.0,,,,,
0.0,47.0,0.0,0.624146069,8050.0,12,0.0,3,0.0,0.0,0.0,0.0,0.0,0.0,,,,,
0.425549348,65.0,0.0,3346.0,5382.0,14,0.0,3,0.0,1.0,0.0,0.0,0.0,0.0,,,,,
0.168188874,39.0,0.0,0.24115177,5000.0,11,0.0,1,0.0,3.0,0.0,0.0,0.0,0.0,,,,,
0.318366192,56.0,0.0,0.154290213,3810.0,8,0.0,1,0.0,1.0,0.0,0.0,0.0,0.0,,,,,
0.002930996,53.0,0.0,0.361237003,3750.0,21,0.0,1,0.0,0.0,0.0,0.0,0.0,0.0,,,,,
0.023788934,70.0,0.0,0.071732067,,6,0.0,0,0.0,1.0,1.0,0.0,0.0,0.0,,,,,
0.047837952,25.0,0.0,0.074965925,2200.0,7,0.0,0,0.0,0.0,0.0,0.0,0.0,0.0,,,,,
0.300955272,46.0,2.0,0.768369298,3660.0,10,1.0,2,0.0,2.0,0.0,0.0,0.0,0.0,,,,,
0.280510888,54.0,0.0,0.260894925,,21,0.0,2,0.0,2.0,1.0,0.0,0.0,0.0,,,,,
0.06159824,55.0,0.0,4.968015992,2000.0,9,0.0,4,0.0,0.0,0.0,0.0,0.0,0.0,,,,,
0.002967614,56.0,0.0,0.000152858,13083.0,4,0.0,0,0.0,0.0,0.0,0.0,0.0,0.0,,,,,
1.0953084438899974,37.0,0.0,0.062298108,2166.0,3,1.0,0,0.0,,0.0,1.0,0.0,0.0,,,,,
0.088097798,45.0,0.0,0.374461418,5105.0,12,0.0,1,0.0,2.0,0.0,0.0,0.0,0.0,,,,,
0.9999999,23.0,0.0,0.229808493,1200.0,1,0.0,0,0.0,0.0,0.0,0.0,0.0,0.0,,,,,
0.248985639,52.0,2.0,0.053747313,20000.0,14,1.0,0,0.0,2.0,0.0,0.0,0.0,0.0,,,,,
0.014888109,49.0,1.0,0.407718456,5000.0,14,0.0,1,0.0,0.0,0.0,0.0,0.0,0.0,,,,,
0.169861351,50.0,0.0,3723.0,5382.0,10,0.0,1,0.0,0.0,0.0,0.0,0.0,0.0,,,,,
0.238631736,75.0,1.0,628.0,5382.0,11,0.0,0,0.0,0.0,0.0,0.0,0.0,0.0,,,,,
0.002365339,79.0,0.0,4.0,5382.0,9,0.0,0,0.0,0.0,0.0,0.0,0.0,0.0,,,,,
0.021961278,65.0,0.0,126.0,5382.0,12,0.0,0,0.0,0.0,0.0,0.0,0.0,0.0,,,,,
0.266556876,65.0,1.0,0.720079977,3500.0,9,0.0,2,0.0,0.0,0.0,0.0,0.0,0.0,,,,,
0.0,31.0,0.0,0.432783608,,9,0.0,1,0.0,0.0,1.0,0.0,0.0,0.0,,,,,
0.204389839,77.0,0.0,0.469229443,5800.0,14,0.0,1,0.0,0.0,0.0,0.0,0.0,0.0,,,,,
0.10142604,53.0,2.0,0.461230838,,9,2.0,1,1.0,0.0,1.0,0.0,0.0,0.0,,,,,
0.514950166,42.0,0.0,0.2495002,2500.0,5,0.0,0,0.0,0.0,0.0,0.0,0.0,0.0,,,,,
0.224395028,64.0,0.0,0.348833518,6300.0,11,0.0,1,0.0,1.0,0.0,0.0,0.0,0.0,,,,,
0.753513602,35.0,0.0,0.425839219,12600.0,13,0.0,2,0.0,3.0,0.0,0.0,0.0,0.0,,,,,
0.0,35.0,0.0,0.520075047,2664.0,7,0.0,1,0.0,1.0,0.0,0.0,0.0,0.0,,,,,
0.628650564,65.0,0.0,1827.0,5382.0,9,0.0,0,0.0,0.0,0.0,0.0,0.0,0.0,,,,,
0.015134453,49.0,0.0,1.329261521,1800.0,8,0.0,1,0.0,4.0,0.0,0.0,0.0,0.0,,,,,
0.020765053,76.0,0.0,3548.0,,19,0.0,2,0.0,0.0,1.0,0.0,0.0,0.0,,,,,
0.9999999,32.0,0.0,0.030396526,8750.0,1,1.0,0,1.0,0.0,0.0,0.0,0.0,0.0,,,,,
0.030804578,39.0,0.0,0.090781844,,5,0.0,0,0.0,,1.0,1.0,0.0,0.0,,,,,
0.99920032,32.0,2.0,0.852858074,4600.0,10,0.0,2,0.0,2.0,0.0,0.0,0.0,0.0,,,,,
0.879710814,42.0,1.0,0.161299809,6800.0,5,0.0,0,1.0,2.0,0.0,0.0,0.0,0.0,,,,,
0.077688192,53.0,0.0,0.374058971,6375.0,8,0.0,1,0.0,3.0,0.0,0.0,0.0,0.0,,,,,
0.62721169,50.0,1.0,0.256214415,7200.0,5,0.0,1,0.0,1.0,0.0,0.0,0.0,0.0,,,,,
0.402752981,85.0,0.0,0.181048174,11333.0,16,0.0,0,0.0,,0.0,1.0,0.0,0.0,,,,,
0.072124797,56.0,0.0,0.023356996,4366.0,6,0.0,0,0.0,0.0,0.0,0.0,0.0,0.0,,,,,
0.099641745,38.0,0.0,0.263962279,12300.0,15,0.0,1,0.0,2.0,0.0,0.0,0.0,0.0,,,,,
0.104743403,76.0,0.0,0.204592186,5835.0,12,0.0,1,0.0,0.0,0.0,0.0,0.0,0.0,,,,,
0.027941207,69.0,0.0,0.237028099,5800.0,14,0.0,1,0.0,0.0,0.0,0.0,0.0,0.0,,,,,
0.016144055,53.0,0.0,0.51946976,6034.0,12,0.0,2,0.0,1.0,0.0,0.0,0.0,0.0,,,,,
0.270227481,33.0,1.0,0.817739319,,9,0.0,1,0.0,0.0,1.0,0.0,0.0,0.0,,,,,
0.024441592,74.0,0.0,241.0,0.0,8,2.0,0,0.0,1.0,0.0,0.0,0.0,0.0,,,,,
0.260430043,36.0,1.0,0.613527534,,9,0.0,1,0.0,4.0,1.0,0.0,0.0,0.0,,,,,
0.460124832,41.0,0.0,4200.0,5382.0,17,0.0,2,0.0,2.0,0.0,0.0,0.0,0.0,,,,,
0.383512423,34.0,2.0,0.73046875,3583.0,12,0.0,2,0.0,0.0,0.0,0.0,0.0,0.0,,,,,
0.053122925,31.0,0.0,0.281977442,,4,0.0,1,0.0,,1.0,1.0,0.0,0.0,,,,,
0.90878957,35.0,2.0,0.516336056,3427.0,6,5.0,0,0.0,0.0,0.0,0.0,0.0,0.0,,,,,
0.000499975,63.0,0.0,0.721207163,11000.0,9,0.0,5,0.0,0.0,0.0,0.0,0.0,0.0,,,,,
0.143390441,65.0,0.0,2514.0,5382.0,7,0.0,3,0.0,0.0,0.0,0.0,0.0,0.0,,,,,
0.340753527,27.0,0.0,0.111318491,,14,0.0,0,0.0,0.0,1.0,0.0,0.0,0.0,,,,,
0.350188783,54.0,0.0,0.493688289,8000.0,18,0.0,1,0.0,2.0,0.0,0.0,0.0,0.0,,,,,
0.106744663,46.0,0.0,0.410510792,7458.0,10,0.0,2,0.0,3.0,0.0,0.0,0.0,0.0,,,,,
0.001798079,47.0,0.0,0.011747063,4000.0,9,0.0,0,0.0,0.0,0.0,0.0,0.0,0.0,,,,,
0.110298255,44.0,0.0,4223.0,5382.0,9,0.0,1,0.0,,0.0,1.0,0.0,0.0,,,,,
0.15079246,39.0,0.0,0.413512355,7000.0,10,0.0,2,0.0,0.0,0.0,0.0,0.0,0.0,,,,,
0.684280538,67.0,0.0,0.095358383,9500.0,7,0.0,0,0.0,0.0,0.0,0.0,0.0,0.0,,,,,
1.0953084438899974,46.0,0.0,0.28415011,,6,0.0,1,0.0,1.0,1.0,0.0,0.0,0.0,,,,,
0.945603626,48.0,0.0,0.474670368,,13,0.0,0,0.0,2.0,1.0,0.0,0.0,0.0,,,,,
0.714520445,57.0,0.0,0.388940956,3200.0,10,0.0,2,0.0,1.0,0.0,0.0,0.0,0.0,,,,,
0.121235151,77.0,0.0,90.0,5382.0,2,0.0,0,0.0,0.0,0.0,0.0,0.0,0.0,,,,,
0.435029018,74.0,1.0,0.307357088,,7,0.0,1,0.0,0.0,1.0,0.0,0.0,0.0,,,,,
0.004401844,55.0,0.0,3155.0,5382.0,11,0.0,1,0.0,0.0,0.0,0.0,0.0,0.0,,,,,
0.123255191,69.0,0.0,1906.0,5382.0,11,0.0,1,0.0,0.0,0.0,0.0,0.0,0.0,,,,,
0.131935282,30.0,0.0,0.163418291,2000.0,6,0.0,0,0.0,0.0,0.0,0.0,0.0,0.0,,,,,
0.198090752,49.0,1.0,4355.0,5382.0,7,0.0,2,0.0,4.0,0.0,0.0,0.0,0.0,,,,,
0.225877412,46.0,0.0,0.314521112,4854.0,2,0.0,1,0.0,2.0,0.0,0.0,0.0,0.0,,,,,
0.404573515,27.0,1.0,1.014616322,820.0,8,0.0,0,0.0,0.0,0.0,0.0,0.0,0.0,,,,,
0.574985571,52.0,0.0,3.103431725,8333.0,9,0.0,2,0.0,2.0,0.0,0.0,0.0,0.0,,,,,
0.222187229,28.0,0.0,0.019021739,,3,0.0,0,0.0,0.0,1.0,0.0,0.0,0.0,,,,,
0.9999999,40.0,1.0,0.125968508,4000.0,2,0.0,0,0.0,0.0,0.0,0.0,0.0,0.0,,,,,
0.186443285,65.0,0.0,0.042510833,,9,0.0,0,0.0,0.0,1.0,0.0,0.0,0.0,,,,,
1.0953084438899974,50.0,0.0,0.178148518,19000.0,4,0.0,1,0.0,2.0,0.0,0.0,0.0,0.0,,,,,
0.225745654,48.0,0.0,4977.0199999999895,5382.0,27,0.0,6,0.0,0.0,0.0,0.0,0.0,0.0,,,,,
0.346653347,35.0,0.0,0.288487738,2935.0,5,0.0,0,0.0,0.0,0.0,0.0,0.0,0.0,,,,,
0.0,68.0,0.0,123.0,5382.0,17,0.0,0,0.0,0.0,0.0,0.0,0.0,0.0,,,,,
0.9999999,34.0,0.0,726.0,,3,0.0,0,0.0,0.0,1.0,0.0,0.0,0.0,,,,,
0.6508994,70.0,0.0,380.0,5382.0,2,0.0,0,0.0,0.0,0.0,0.0,0.0,0.0,,,,,
0.0,51.0,3.0,0.246275464,6577.0,6,0.0,1,0.0,1.0,0.0,0.0,0.0,0.0,,,,,
0.017127327,60.0,0.0,0.013457885,6315.0,12,0.0,0,0.0,0.0,0.0,0.0,0.0,0.0,,,,,
0.768019669,59.0,0.0,0.326451194,9250.0,16,0.0,2,0.0,0.0,0.0,0.0,0.0,0.0,,,,,
0.089999058,54.0,0.0,0.41228919,14467.0,22,0.0,3,0.0,1.0,0.0,0.0,0.0,0.0,,,,,
0.2184709,53.0,0.0,1629.0,,7,0.0,1,0.0,0.0,1.0,0.0,0.0,0.0,,,,,
0.115128549,58.0,0.0,0.274722886,4600.0,9,0.0,1,0.0,0.0,0.0,0.0,0.0,0.0,,,,,
0.123859518,46.0,1.0,0.07993261,5341.0,3,0.0,1,0.0,0.0,0.0,0.0,0.0,0.0,,,,,
0.031180401,54.0,0.0,20.0,5382.0,4,0.0,0,0.0,0.0,0.0,0.0,0.0,0.0,,,,,
0.001028249,61.0,0.0,0.000374953,8000.0,8,0.0,0,0.0,0.0,0.0,0.0,0.0,0.0,,,,,
1.004999,47.0,0.0,0.281943611,,7,0.0,1,1.0,3.0,1.0,0.0,0.0,0.0,,,,,
0.099045048,60.0,0.0,0.159357531,12700.0,3,0.0,1,0.0,0.0,0.0,0.0,0.0,0.0,,,,,
0.220855929,42.0,2.0,0.181303116,,10,0.0,0,0.0,3.0,1.0,0.0,0.0,0.0,,,,,
0.006925669,27.0,0.0,0.001904308,4200.0,5,0.0,0,0.0,0.0,0.0,0.0,0.0,0.0,,,,,
0.192080876,34.0,0.0,0.402780387,5322.0,8,0.0,1,0.0,4.0,0.0,0.0,0.0,0.0,,,,,
0.02659867,45.0,0.0,0.049966369,10406.0,4,0.0,0,0.0,2.0,0.0,0.0,0.0,0.0,,,,,
0.078806834,52.0,0.0,0.245873403,20900.0,7,0.0,3,0.0,2.0,0.0,0.0,0.0,0.0,,,,,
0.212516744,49.0,0.0,0.382213647,5700.0,13,0.0,1,0.0,2.0,0.0,0.0,0.0,0.0,,,,,
0.295633818,33.0,2.0,0.266919272,,5,1.0,1,0.0,1.0,1.0,0.0,0.0,0.0,,,,,
0.0,27.0,1.0,0.248500428,3500.0,3,2.0,0,1.0,0.0,0.0,0.0,0.0,0.0,,,,,
0.113661152,60.0,0.0,0.665710948,9416.0,15,0.0,1,0.0,0.0,0.0,0.0,0.0,0.0,,,,,
0.053499822,71.0,0.0,0.563161609,2833.0,8,0.0,2,0.0,0.0,0.0,0.0,0.0,0.0,,,,,
0.927841471,47.0,0.0,0.516915491,7300.0,10,0.0,2,0.0,2.0,0.0,0.0,0.0,0.0,,,,,
0.903755957,30.0,0.0,1.078725398,3200.0,16,0.0,3,0.0,0.0,0.0,0.0,0.0,0.0,,,,,
0.890021996,58.0,0.0,1281.0,5382.0,3,0.0,1,0.0,0.0,0.0,0.0,0.0,0.0,,,,,
0.016076683,43.0,0.0,0.355047749,2931.0,12,0.0,1,0.0,0.0,0.0,0.0,0.0,0.0,,,,,
0.079998015,71.0,0.0,0.160433522,6550.0,5,0.0,1,0.0,0.0,0.0,0.0,0.0,0.0,,,,,
1.0953084438899974,60.0,0.0,0.039417309,3500.0,5,3.0,0,1.0,0.0,0.0,0.0,0.0,0.0,,,,,
0.071714902,57.0,0.0,0.480757915,8496.0,15,0.0,2,0.0,0.0,0.0,0.0,0.0,0.0,,,,,
0.138893154,40.0,1.0,0.679182404,4500.0,14,0.0,1,0.0,2.0,0.0,0.0,0.0,0.0,,,,,
0.9999999,57.0,1.0,0.038568257,3603.0,3,0.0,0,0.0,1.0,0.0,0.0,0.0,0.0,,,,,
0.089767804,31.0,0.0,0.007923407,3028.0,3,0.0,0,0.0,0.0,0.0,0.0,0.0,0.0,,,,,
0.019874324,64.0,0.0,0.255923111,4473.0,9,0.0,1,0.0,0.0,0.0,0.0,0.0,0.0,,,,,
0.31374625,48.0,0.0,0.253980126,9358.0,7,0.0,2,0.0,1.0,0.0,0.0,0.0,0.0,,,,,
0.0,47.0,1.0,1.334263393,3583.0,9,0.0,3,0.0,0.0,0.0,0.0,0.0,0.0,,,,,
0.580178147,27.0,1.0,0.319668033,10000.0,27,0.0,1,0.0,1.0,0.0,0.0,0.0,0.0,,,,,
0.393765862,49.0,0.0,0.741376492,,12,0.0,3,0.0,2.0,1.0,0.0,0.0,0.0,,,,,
0.160785386,72.0,0.0,0.03948026,4001.0,4,0.0,0,0.0,0.0,0.0,0.0,0.0,0.0,,,,,
0.471376431,40.0,0.0,0.324344731,,7,0.0,1,0.0,3.0,1.0,0.0,0.0,0.0,,,,,
0.195037603,57.0,1.0,0.472239949,,15,0.0,3,0.0,0.0,1.0,0.0,0.0,0.0,,,,,
0.031002565,48.0,0.0,0.117216117,10100.0,5,0.0,1,0.0,0.0,0.0,0.0,0.0,0.0,,,,,
0.495084546,28.0,0.0,0.214781543,2448.0,7,0.0,0,0.0,0.0,0.0,0.0,0.0,0.0,,,,,
0.304810542,47.0,0.0,0.348034516,7300.0,6,0.0,1,0.0,1.0,0.0,0.0,0.0,0.0,,,,,
0.628389377,38.0,0.0,0.597891292,5500.0,9,0.0,3,0.0,0.0,0.0,0.0,0.0,0.0,,,,,
0.3984004,27.0,0.0,0.01305193,3600.0,3,0.0,0,0.0,0.0,0.0,0.0,0.0,0.0,,,,,
0.363377543,30.0,1.0,0.390191898,1406.0,5,0.0,0,1.0,0.0,0.0,0.0,0.0,0.0,,,,,
0.0,74.0,0.0,0.0,5200.0,5,0.0,0,0.0,0.0,0.0,0.0,0.0,0.0,,,,,
0.067965104,78.0,0.0,0.172905526,,10,0.0,0,0.0,,1.0,1.0,0.0,0.0,,,,,
0.0,22.0,0.0,0.0,2500.0,1,0.0,0,0.0,0.0,0.0,0.0,0.0,0.0,,,,,
0.591307658,55.0,0.0,4977.0199999999895,5382.0,22,0.0,1,0.0,1.0,0.0,0.0,0.0,0.0,,,,,
0.484261014,43.0,1.0,0.943766627,10900.0,21,0.0,10,0.0,3.0,0.0,0.0,0.0,0.0,,,,,
0.03592971,48.0,0.0,1598.0,5382.0,10,0.0,1,0.0,4.0,0.0,0.0,0.0,0.0,,,,,
0.149292413,46.0,0.0,1220.0,5382.0,14,0.0,2,0.0,0.0,0.0,0.0,0.0,0.0,,,,,
0.009111044,78.0,0.0,0.005805515,6200.0,10,0.0,0,0.0,0.0,0.0,0.0,0.0,0.0,,,,,
0.723445346,38.0,0.0,0.189057523,5336.0,3,0.0,0,0.0,2.0,0.0,0.0,0.0,0.0,,,,,
0.009423323,82.0,0.0,919.0,5382.0,6,0.0,0,0.0,0.0,0.0,0.0,0.0,0.0,,,,,
0.340930384,46.0,0.0,4147.0,5382.0,8,0.0,3,0.0,0.0,0.0,0.0,0.0,0.0,,,,,
0.069606401,81.0,0.0,62.0,5382.0,7,0.0,0,0.0,0.0,0.0,0.0,0.0,0.0,,,,,
0.667656434,63.0,0.0,0.215905127,5733.0,7,0.0,0,0.0,0.0,0.0,0.0,0.0,0.0,,,,,
0.035572859,49.0,0.0,0.31590949,5700.0,18,0.0,3,0.0,1.0,0.0,0.0,0.0,0.0,,,,,
0.010913311,34.0,0.0,0.003573392,3637.0,3,0.0,0,0.0,0.0,0.0,0.0,0.0,0.0,,,,,
0.0,47.0,0.0,0.346279466,14083.0,11,0.0,3,0.0,3.0,0.0,0.0,0.0,0.0,,,,,
1.0953084438899974,57.0,2.0,1906.0,5382.0,9,4.0,1,1.0,0.0,0.0,0.0,0.0,0.0,,,,,
0.469348074,48.0,3.0,0.432427088,10114.0,6,0.0,1,0.0,1.0,0.0,0.0,0.0,0.0,,,,,
0.484953758,71.0,0.0,3209.0,5382.0,8,0.0,1,0.0,1.0,0.0,0.0,0.0,0.0,,,,,
0.080619056,73.0,0.0,0.219641705,20150.0,22,0.0,2,0.0,0.0,0.0,0.0,0.0,0.0,,,,,
0.0,40.0,0.0,2952.0,5382.0,7,0.0,1,0.0,0.0,0.0,0.0,0.0,0.0,,,,,
0.0,48.0,1.0,4218.0,5382.0,8,0.0,2,1.0,0.0,0.0,0.0,0.0,0.0,,,,,
0.007386858,82.0,0.0,0.202134757,1498.0,5,0.0,0,0.0,1.0,0.0,0.0,0.0,0.0,,,,,
0.001145493,59.0,0.0,0.10078534,4583.0,5,0.0,0,0.0,1.0,0.0,0.0,0.0,0.0,,,,,
0.012643612,79.0,0.0,0.160583942,2328.0,5,0.0,0,0.0,0.0,0.0,0.0,0.0,0.0,,,,,
0.99394123,27.0,2.0,0.185824625,,3,0.0,0,0.0,1.0,1.0,0.0,0.0,0.0,,,,,
0.184011097,59.0,0.0,0.298172411,11982.0,21,0.0,3,0.0,,0.0,1.0,0.0,0.0,,,,,
0.930232558,74.0,2.0,0.32247662,3100.0,6,0.0,0,0.0,0.0,0.0,0.0,0.0,0.0,,,,,
0.026970658,77.0,0.0,28.0,5382.0,3,0.0,0,0.0,0.0,0.0,0.0,0.0,0.0,,,,,
0.099176058,46.0,0.0,0.559461646,13596.0,13,0.0,2,0.0,3.0,0.0,0.0,0.0,0.0,,,,,
0.045594452,53.0,0.0,0.345971564,8650.0,16,0.0,3,0.0,0.0,0.0,0.0,0.0,0.0,,,,,
0.635902666,53.0,0.0,0.305512508,,5,0.0,1,0.0,1.0,1.0,0.0,0.0,0.0,,,,,
0.118690488,71.0,1.0,0.50950794,5100.0,18,0.0,3,0.0,0.0,0.0,0.0,0.0,0.0,,,,,
0.545077152,45.0,0.0,0.284971503,10000.0,10,0.0,2,0.0,1.0,0.0,0.0,0.0,0.0,,,,,
0.655719463,50.0,0.0,0.29759555,11145.0,7,0.0,0,0.0,0.0,0.0,0.0,0.0,0.0,,,,,
0.028033821,55.0,0.0,0.520052597,6083.0,14,0.0,2,0.0,4.0,0.0,0.0,0.0,0.0,,,,,
0.9999999,25.0,0.0,225.0,5382.0,1,0.0,0,0.0,0.0,0.0,0.0,0.0,0.0,,,,,
0.011881305,57.0,0.0,1.081229693,4000.0,8,0.0,2,0.0,1.0,0.0,0.0,0.0,0.0,,,,,
0.495666929,55.0,0.0,0.587375622,6431.0,9,0.0,2,0.0,2.0,0.0,0.0,0.0,0.0,,,,,
0.003634711,44.0,1.0,0.226248776,4083.0,6,0.0,1,0.0,0.0,0.0,0.0,0.0,0.0,,,,,
0.067788442,74.0,1.0,0.495788385,6766.0,16,0.0,4,0.0,0.0,0.0,0.0,0.0,0.0,,,,,
0.235708251,52.0,0.0,0.289529251,8050.0,7,0.0,1,0.0,2.0,0.0,0.0,0.0,0.0,,,,,
0.380324661,42.0,0.0,0.305641197,12000.0,12,0.0,2,0.0,4.0,0.0,0.0,0.0,0.0,,,,,
0.806607449,35.0,1.0,0.273698725,2900.0,12,0.0,0,0.0,2.0,0.0,0.0,0.0,0.0,,,,,
0.138914811,49.0,0.0,2701.0,,9,0.0,2,0.0,0.0,1.0,0.0,0.0,0.0,,,,,
0.013489408,57.0,0.0,0.006832157,4390.0,11,0.0,0,0.0,0.0,0.0,0.0,0.0,0.0,,,,,
0.843562503,54.0,0.0,0.183213986,15500.0,12,0.0,0,0.0,0.0,0.0,0.0,0.0,0.0,,,,,
0.063468266,42.0,0.0,1186.0,5382.0,6,0.0,1,0.0,0.0,0.0,0.0,0.0,0.0,,,,,
0.057263267,74.0,0.0,0.029697148,,10,0.0,0,0.0,0.0,1.0,0.0,0.0,0.0,,,,,
0.442595674,64.0,2.0,4415.0,5382.0,7,0.0,1,2.0,1.0,0.0,0.0,0.0,0.0,,,,,
0.459696518,33.0,0.0,0.720710716,1800.0,7,0.0,1,0.0,2.0,0.0,0.0,0.0,0.0,,,,,
0.034660724,50.0,0.0,0.258484745,5833.0,7,0.0,1,0.0,0.0,0.0,0.0,0.0,0.0,,,,,
0.168541573,42.0,0.0,0.320020569,5833.0,3,0.0,1,0.0,2.0,0.0,0.0,0.0,0.0,,,,,
0.200304902,51.0,1.0,0.382897256,4700.0,7,0.0,1,0.0,0.0,0.0,0.0,0.0,0.0,,,,,
0.864103263,42.0,2.0,0.767430978,2136.0,6,0.0,1,0.0,0.0,0.0,0.0,0.0,0.0,,,,,
0.133815111,37.0,0.0,0.024493877,4000.0,7,0.0,0,0.0,0.0,0.0,0.0,0.0,0.0,,,,,
0.418329753,59.0,0.0,0.750588235,5949.0,9,0.0,1,0.0,1.0,0.0,0.0,0.0,0.0,,,,,
0.785606325,28.0,0.0,0.236503856,3500.0,8,0.0,0,0.0,0.0,0.0,0.0,0.0,0.0,,,,,
0.206145917,46.0,0.0,0.569701198,8600.0,4,0.0,2,0.0,2.0,0.0,0.0,0.0,0.0,,,,,
0.088394107,55.0,0.0,0.005411406,,6,0.0,0,0.0,1.0,1.0,0.0,0.0,0.0,,,,,
0.068619,64.0,0.0,83.0,5382.0,4,0.0,0,0.0,1.0,0.0,0.0,0.0,0.0,,,,,
0.022906779,56.0,0.0,1460.0,,10,0.0,0,0.0,,1.0,1.0,0.0,0.0,,,,,
0.455433284,54.0,0.0,0.116576685,5000.0,4,0.0,0,0.0,0.0,0.0,0.0,0.0,0.0,,,,,
0.866060111,37.0,0.0,0.454276194,,4,0.0,0,0.0,0.0,1.0,0.0,0.0,0.0,,,,,
0.293982707,40.0,0.0,1.696868583,3895.0,8,0.0,2,0.0,3.0,0.0,0.0,0.0,0.0,,,,,
0.008277855,65.0,0.0,0.004329004,,6,0.0,0,0.0,0.0,1.0,0.0,0.0,0.0,,,,,
0.016527566,41.0,1.0,0.418158184,10000.0,10,0.0,2,0.0,0.0,0.0,0.0,0.0,0.0,,,,,
0.004266294,72.0,0.0,0.005163043,,23,0.0,0,0.0,1.0,1.0,0.0,0.0,0.0,,,,,
0.114093636,59.0,0.0,0.153614174,10610.0,7,0.0,1,0.0,1.0,0.0,0.0,0.0,0.0,,,,,
0.9999999,38.0,1.0,1940.0,,1,1.0,1,0.0,0.0,1.0,0.0,0.0,0.0,,,,,
0.020163306,75.0,0.0,3.0,5382.0,3,0.0,0,0.0,0.0,0.0,0.0,0.0,0.0,,,,,
0.010677363,45.0,0.0,0.161560787,3100.0,3,0.0,0,0.0,0.0,0.0,0.0,0.0,0.0,,,,,
0.223885685,67.0,0.0,0.198454545,10999.0,7,0.0,2,0.0,0.0,0.0,0.0,0.0,0.0,,,,,
0.0,55.0,0.0,1976.0,5382.0,6,0.0,1,0.0,0.0,0.0,0.0,0.0,0.0,,,,,
0.206482964,45.0,0.0,0.463670127,10500.0,12,0.0,2,0.0,1.0,0.0,0.0,0.0,0.0,,,,,
0.217849601,56.0,0.0,0.384186844,9333.0,12,0.0,3,0.0,1.0,0.0,0.0,0.0,0.0,,,,,
0.019810799,62.0,0.0,0.372231289,,9,0.0,3,0.0,2.0,1.0,0.0,0.0,0.0,,,,,
0.9999999,64.0,0.0,0.230988367,12636.0,4,0.0,2,0.0,0.0,0.0,0.0,0.0,0.0,,,,,
0.065471904,66.0,0.0,0.756747751,3000.0,7,0.0,1,0.0,0.0,0.0,0.0,0.0,0.0,,,,,
0.9999999,60.0,2.0,3111.0,5382.0,5,1.0,1,2.0,0.0,0.0,0.0,0.0,0.0,,,,,
0.657237937,43.0,0.0,0.542372881,5958.0,5,0.0,1,0.0,4.0,0.0,0.0,0.0,0.0,,,,,
0.011524655,48.0,0.0,0.164686507,8500.0,4,0.0,1,0.0,1.0,0.0,0.0,0.0,0.0,,,,,
0.484279188,33.0,0.0,0.448520169,8750.0,4,0.0,1,0.0,0.0,0.0,0.0,0.0,0.0,,,,,
0.012238197,33.0,0.0,0.630123292,,7,0.0,1,0.0,0.0,1.0,0.0,0.0,0.0,,,,,
0.662838185,65.0,0.0,0.629761016,5355.0,17,0.0,1,0.0,0.0,0.0,0.0,0.0,0.0,,,,,
0.012476915,42.0,0.0,0.139965009,,3,0.0,0,0.0,4.0,1.0,0.0,0.0,0.0,,,,,
0.154103943,33.0,0.0,0.146463384,4000.0,8,0.0,0,0.0,0.0,0.0,0.0,0.0,0.0,,,,,
0.017699115,78.0,0.0,10.0,5382.0,1,0.0,0,0.0,0.0,0.0,0.0,0.0,0.0,,,,,
0.991667735,47.0,2.0,0.358259687,1470.0,6,0.0,0,0.0,0.0,0.0,0.0,0.0,0.0,,,,,
0.152250785,49.0,0.0,0.030774358,9000.0,3,0.0,0,0.0,0.0,0.0,0.0,0.0,0.0,,,,,
0.002736503,77.0,0.0,0.000653595,4589.0,5,0.0,0,0.0,0.0,0.0,0.0,0.0,0.0,,,,,
0.84751773,29.0,1.0,0.170184403,4500.0,8,0.0,0,0.0,2.0,0.0,0.0,0.0,0.0,,,,,
0.314122114,52.0,0.0,0.646185148,4914.0,12,0.0,1,0.0,2.0,0.0,0.0,0.0,0.0,,,,,
0.007342943,43.0,0.0,52.0,5382.0,7,0.0,0,0.0,0.0,0.0,0.0,0.0,0.0,,,,,
0.015398973,31.0,0.0,51.0,5382.0,2,0.0,0,0.0,0.0,0.0,0.0,0.0,0.0,,,,,
0.000341873,51.0,0.0,0.06922012,6500.0,7,0.0,0,0.0,0.0,0.0,0.0,0.0,0.0,,,,,
0.785442911,28.0,0.0,0.481851657,,6,0.0,0,2.0,1.0,1.0,0.0,0.0,0.0,,,,,
0.169724701,47.0,0.0,0.172744722,,8,0.0,0,0.0,0.0,1.0,0.0,0.0,0.0,,,,,
0.001645518,50.0,0.0,0.300137127,5833.0,6,0.0,1,0.0,2.0,0.0,0.0,0.0,0.0,,,,,
0.186282566,48.0,1.0,0.460459737,6916.0,9,0.0,1,0.0,1.0,0.0,0.0,0.0,0.0,,,,,
0.540566433,49.0,0.0,0.444716542,,11,0.0,4,0.0,1.0,1.0,0.0,0.0,0.0,,,,,
0.084860668,38.0,0.0,0.157434962,20833.0,6,0.0,1,0.0,2.0,0.0,0.0,0.0,0.0,,,,,
0.013618938,37.0,0.0,0.349051244,8800.0,9,0.0,2,0.0,3.0,0.0,0.0,0.0,0.0,,,,,
0.274233284,49.0,1.0,0.533688454,6945.0,12,0.0,2,0.0,0.0,0.0,0.0,0.0,0.0,,,,,
0.166204695,49.0,0.0,4921.0,5382.0,4,0.0,2,0.0,0.0,0.0,0.0,0.0,0.0,,,,,
0.000541845,48.0,0.0,0.274678112,11416.0,10,0.0,2,0.0,,0.0,1.0,0.0,0.0,,,,,
0.0,30.0,1.0,0.351830532,4342.0,5,0.0,1,0.0,0.0,0.0,0.0,0.0,0.0,,,,,
0.011352273,47.0,0.0,0.477299459,4250.0,4,0.0,1,0.0,0.0,0.0,0.0,0.0,0.0,,,,,
0.534564845,43.0,2.0,0.291070893,10000.0,15,0.0,1,2.0,1.0,0.0,0.0,0.0,0.0,,,,,
0.007258296,50.0,0.0,0.500333111,1500.0,10,0.0,1,0.0,,0.0,1.0,0.0,0.0,,,,,
0.036884037,57.0,0.0,900.0,0.0,5,0.0,1,0.0,0.0,0.0,0.0,0.0,0.0,,,,,
0.000138611,41.0,0.0,0.207103432,8333.0,9,0.0,1,0.0,1.0,0.0,0.0,0.0,0.0,,,,,
0.199000454,24.0,0.0,0.053228621,4583.0,2,0.0,0,0.0,0.0,0.0,0.0,0.0,0.0,,,,,
0.000216862,58.0,0.0,0.23938031,2000.0,6,0.0,0,0.0,0.0,0.0,0.0,0.0,0.0,,,,,
0.019405644,51.0,0.0,0.254543336,17167.0,4,0.0,1,0.0,0.0,0.0,0.0,0.0,0.0,,,,,
0.018381288,51.0,0.0,0.006152663,5200.0,5,0.0,0,0.0,0.0,0.0,0.0,0.0,0.0,,,,,
0.046150296,60.0,0.0,0.540491902,5000.0,7,0.0,2,0.0,0.0,0.0,0.0,0.0,0.0,,,,,
0.06604344,45.0,0.0,0.300152316,11160.0,4,0.0,1,0.0,2.0,0.0,0.0,0.0,0.0,,,,,
0.029877496,50.0,0.0,2953.0,5382.0,18,0.0,3,0.0,0.0,0.0,0.0,0.0,0.0,,,,,
0.011527856,56.0,0.0,3268.0,5382.0,6,0.0,1,0.0,0.0,0.0,0.0,0.0,0.0,,,,,
0.545525249,35.0,1.0,0.813668601,1550.0,8,0.0,0,0.0,1.0,0.0,0.0,0.0,0.0,,,,,
0.026379456,39.0,0.0,0.461923013,6000.0,12,0.0,2,0.0,0.0,0.0,0.0,0.0,0.0,,,,,
0.009567931,44.0,1.0,0.288263344,6500.0,8,0.0,2,0.0,2.0,0.0,0.0,0.0,0.0,,,,,
0.439973334,52.0,0.0,0.306038895,12700.0,6,0.0,2,0.0,4.0,0.0,0.0,0.0,0.0,,,,,
0.035745388,71.0,0.0,2769.0,,13,0.0,2,0.0,1.0,1.0,0.0,0.0,0.0,,,,,
0.025601772,63.0,1.0,0.262773723,10000.0,8,0.0,1,0.0,0.0,0.0,0.0,0.0,0.0,,,,,
0.05776382,65.0,0.0,0.305017255,11300.0,13,0.0,1,0.0,,0.0,1.0,0.0,0.0,,,,,
0.117968508,54.0,0.0,0.351856977,18066.0,13,0.0,6,0.0,,0.0,1.0,0.0,0.0,,,,,
0.656335356,52.0,0.0,0.496265459,8166.0,16,0.0,2,0.0,1.0,0.0,0.0,0.0,0.0,,,,,
0.063555696,53.0,0.0,0.415646748,8333.0,6,0.0,3,0.0,1.0,0.0,0.0,0.0,0.0,,,,,
0.019577578,54.0,0.0,0.065386923,5000.0,9,0.0,0,0.0,2.0,0.0,0.0,0.0,0.0,,,,,
0.809380965,35.0,0.0,0.506919528,3901.0,8,0.0,1,0.0,2.0,0.0,0.0,0.0,0.0,,,,,
1.005664778,32.0,0.0,0.192859323,3276.0,4,0.0,0,0.0,1.0,0.0,0.0,0.0,0.0,,,,,
0.761179829,35.0,0.0,0.179566563,1614.0,3,2.0,0,0.0,0.0,0.0,0.0,0.0,0.0,,,,,
0.160778135,58.0,0.0,0.008776803,,3,0.0,0,0.0,2.0,1.0,0.0,0.0,0.0,,,,,
0.0,65.0,0.0,0.0,6761.0,5,0.0,0,0.0,0.0,0.0,0.0,0.0,0.0,,,,,
0.082810654,42.0,0.0,0.418992087,2400.0,5,0.0,0,0.0,3.0,0.0,0.0,0.0,0.0,,,,,
0.146162873,55.0,0.0,0.086813548,,6,0.0,0,0.0,1.0,1.0,0.0,0.0,0.0,,,,,
0.708171454,49.0,0.0,0.094654046,,10,0.0,0,0.0,,1.0,1.0,0.0,0.0,,,,,
0.9999999,53.0,0.0,0.331884373,4600.0,1,0.0,1,0.0,2.0,0.0,0.0,0.0,0.0,,,,,
1.002637264,32.0,0.0,0.242275281,,6,0.0,0,0.0,2.0,1.0,0.0,0.0,0.0,,,,,
0.0,47.0,1.0,0.544278273,5950.0,11,0.0,3,0.0,4.0,0.0,0.0,0.0,0.0,,,,,
0.097336729,50.0,0.0,0.25473427,8184.0,11,0.0,1,0.0,0.0,0.0,0.0,0.0,0.0,,,,,
0.429246744,60.0,3.0,1.50041632,1200.0,16,0.0,0,0.0,0.0,0.0,0.0,0.0,0.0,,,,,
0.353119315,51.0,0.0,0.417686942,20500.0,13,0.0,3,0.0,3.0,0.0,0.0,0.0,0.0,,,,,
0.51041054,59.0,0.0,0.201679832,10000.0,6,0.0,1,0.0,0.0,0.0,0.0,0.0,0.0,,,,,
0.710028478,60.0,1.0,0.350087159,3441.0,13,0.0,1,0.0,0.0,0.0,0.0,0.0,0.0,,,,,
0.063433802,30.0,0.0,0.261808024,7875.0,16,0.0,1,0.0,0.0,0.0,0.0,0.0,0.0,,,,,
0.394828326,66.0,0.0,0.4606957,,12,0.0,1,0.0,0.0,1.0,0.0,0.0,0.0,,,,,
1.0953084438899974,38.0,0.0,0.347427619,4800.0,6,0.0,1,0.0,2.0,0.0,0.0,0.0,0.0,,,,,
1.0953084438899974,30.0,0.0,0.346896071,,11,0.0,0,0.0,0.0,1.0,0.0,0.0,0.0,,,,,
0.0,72.0,0.0,0.169970785,9583.0,3,0.0,1,0.0,0.0,0.0,0.0,0.0,0.0,,,,,
0.013079759,68.0,0.0,0.254867567,5700.0,12,0.0,1,0.0,0.0,0.0,0.0,0.0,0.0,,,,,
0.785617151,58.0,0.0,1.146297948,3362.0,12,2.0,3,0.0,0.0,0.0,0.0,0.0,0.0,,,,,
0.276531159,40.0,0.0,0.302430985,,7,0.0,0,0.0,1.0,1.0,0.0,0.0,0.0,,,,,
0.947233159,44.0,0.0,0.553398058,,14,0.0,3,0.0,2.0,1.0,0.0,0.0,0.0,,,,,
0.838768708,60.0,0.0,0.818590705,2000.0,18,0.0,0,0.0,0.0,0.0,0.0,0.0,0.0,,,,,
0.013993476,58.0,0.0,1.335731415,1667.0,9,0.0,1,0.0,1.0,0.0,0.0,0.0,0.0,,,,,
0.950325345,49.0,1.0,0.514695509,8505.0,16,0.0,1,0.0,0.0,0.0,0.0,0.0,0.0,,,,,
0.008418334,47.0,0.0,4977.0199999999895,5382.0,10,0.0,2,0.0,0.0,0.0,0.0,0.0,0.0,,,,,
0.083925247,45.0,0.0,52.0,,4,0.0,0,0.0,0.0,1.0,0.0,0.0,0.0,,,,,
0.976179974,57.0,0.0,0.588878475,3200.0,4,0.0,1,1.0,3.0,0.0,0.0,0.0,0.0,,,,,
0.104472185,30.0,0.0,0.252601703,3170.0,8,0.0,1,0.0,0.0,0.0,0.0,0.0,0.0,,,,,
0.129807239,43.0,0.0,0.309627479,4133.0,3,0.0,1,0.0,2.0,0.0,0.0,0.0,0.0,,,,,
0.25035925,47.0,1.0,0.761809548,4000.0,20,0.0,1,0.0,0.0,0.0,0.0,0.0,0.0,,,,,
0.512498311,24.0,0.0,0.219332679,,6,0.0,0,0.0,0.0,1.0,0.0,0.0,0.0,,,,,
0.001032815,61.0,0.0,0.0,6878.0,2,0.0,0,0.0,3.0,0.0,0.0,0.0,0.0,,,,,
0.443656933,43.0,0.0,0.589345172,5405.0,14,0.0,2,0.0,2.0,0.0,0.0,0.0,0.0,,,,,
0.479013137,36.0,0.0,0.531659631,4500.0,14,0.0,1,0.0,2.0,0.0,0.0,0.0,0.0,,,,,
0.180378308,56.0,0.0,0.344769593,2972.0,5,0.0,1,1.0,0.0,0.0,0.0,0.0,0.0,,,,,
0.032718691,68.0,0.0,0.493547419,6663.0,7,0.0,2,0.0,0.0,0.0,0.0,0.0,0.0,,,,,
0.044552985,49.0,0.0,1362.0,5382.0,14,0.0,1,0.0,0.0,0.0,0.0,0.0,0.0,,,,,
0.140640824,73.0,0.0,1151.0,,11,0.0,2,0.0,1.0,1.0,0.0,0.0,0.0,,,,,
0.386070647,71.0,0.0,0.220177982,10000.0,6,0.0,2,0.0,1.0,0.0,0.0,0.0,0.0,,,,,
0.553569345,44.0,0.0,0.677011678,6250.0,17,0.0,2,0.0,1.0,0.0,0.0,0.0,0.0,,,,,
0.050866801,80.0,0.0,0.00999643,2800.0,9,0.0,0,0.0,0.0,0.0,0.0,0.0,0.0,,,,,
0.100102629,38.0,0.0,0.454143078,9714.0,7,0.0,3,0.0,2.0,0.0,0.0,0.0,0.0,,,,,
0.364115569,70.0,0.0,0.27992937,8494.0,10,0.0,1,0.0,0.0,0.0,0.0,0.0,0.0,,,,,
0.713406819,50.0,0.0,0.637382075,1695.0,10,1.0,0,0.0,0.0,0.0,0.0,0.0,0.0,,,,,
0.560433382,48.0,0.0,0.42255368,6100.0,12,0.0,1,0.0,3.0,0.0,0.0,0.0,0.0,,,,,
0.024410121,70.0,0.0,0.217020239,4100.0,13,0.0,1,0.0,0.0,0.0,0.0,0.0,0.0,,,,,
0.106963101,35.0,0.0,3075.0,,11,0.0,2,0.0,2.0,1.0,0.0,0.0,0.0,,,,,
0.00573428,44.0,1.0,0.656507479,12500.0,13,0.0,2,0.0,2.0,0.0,0.0,0.0,0.0,,,,,
0.309002724,57.0,1.0,0.420064437,,15,0.0,1,0.0,3.0,1.0,0.0,0.0,0.0,,,,,
0.96424589,44.0,1.0,0.322289747,5100.0,7,0.0,0,0.0,4.0,0.0,0.0,0.0,0.0,,,,,
0.938586327,44.0,1.0,1095.0,5382.0,8,9.0,0,4.0,0.0,0.0,0.0,0.0,0.0,,,,,
0.012139208,92.0,0.0,8.0,5382.0,5,0.0,0,0.0,0.0,0.0,0.0,0.0,0.0,,,,,
0.306189426,60.0,1.0,311.0,5382.0,7,0.0,1,0.0,0.0,0.0,0.0,0.0,0.0,,,,,
0.038137409,43.0,0.0,0.365331364,10833.0,8,0.0,1,0.0,2.0,0.0,0.0,0.0,0.0,,,,,
1.0953084438899974,25.0,0.0,0.009369144,1600.0,1,0.0,0,1.0,0.0,0.0,0.0,0.0,0.0,,,,,
0.491954789,32.0,0.0,0.177573167,,10,0.0,0,0.0,1.0,1.0,0.0,0.0,0.0,,,,,
0.106701698,26.0,0.0,0.796882381,2116.0,10,0.0,2,0.0,0.0,0.0,0.0,0.0,0.0,,,,,
0.99440056,54.0,0.0,1996.0,5382.0,7,0.0,1,0.0,0.0,0.0,0.0,0.0,0.0,,,,,
0.053884688,57.0,0.0,0.397660234,10000.0,16,0.0,2,0.0,3.0,0.0,0.0,0.0,0.0,,,,,
0.0,36.0,0.0,0.230923026,3000.0,3,0.0,0,0.0,4.0,0.0,0.0,0.0,0.0,,,,,
0.099427233,70.0,0.0,0.401554842,,8,0.0,2,0.0,0.0,1.0,0.0,0.0,0.0,,,,,
0.0,30.0,0.0,0.052003503,9133.0,3,0.0,0,0.0,0.0,0.0,0.0,0.0,0.0,,,,,
0.051713174,61.0,0.0,2674.0,5382.0,7,0.0,1,0.0,0.0,0.0,0.0,0.0,0.0,,,,,
0.9999999,47.0,0.0,0.138734011,,2,1.0,0,0.0,0.0,1.0,0.0,0.0,0.0,,,,,
0.874446508,49.0,1.0,0.175397522,10250.0,6,0.0,1,0.0,0.0,0.0,0.0,0.0,0.0,,,,,
0.706152217,48.0,0.0,0.079229915,2700.0,2,0.0,0,0.0,3.0,0.0,0.0,0.0,0.0,,,,,
0.771024905,50.0,1.0,0.350720659,8741.0,14,0.0,2,0.0,5.0,0.0,0.0,0.0,0.0,,,,,
0.148096469,66.0,0.0,0.3374613,2583.0,10,0.0,0,0.0,0.0,0.0,0.0,0.0,0.0,,,,,
0.065669023,50.0,1.0,2191.0,5382.0,20,0.0,2,0.0,0.0,0.0,0.0,0.0,0.0,,,,,
0.817716661,41.0,0.0,0.351308232,3133.0,3,0.0,1,0.0,1.0,0.0,0.0,0.0,0.0,,,,,
0.145428411,68.0,0.0,4774.0,,11,0.0,1,0.0,0.0,1.0,0.0,0.0,0.0,,,,,
0.007099929,54.0,0.0,0.031208884,19000.0,11,0.0,0,0.0,3.0,0.0,0.0,0.0,0.0,,,,,
0.731193442,55.0,0.0,0.540744108,15400.0,12,0.0,5,0.0,1.0,0.0,0.0,0.0,0.0,,,,,
0.085102762,34.0,0.0,0.389845573,9000.0,5,0.0,1,0.0,0.0,0.0,0.0,0.0,0.0,,,,,
0.032127918,80.0,0.0,38.0,5382.0,6,0.0,0,0.0,0.0,0.0,0.0,0.0,0.0,,,,,
0.042842616,75.0,0.0,1044.0,5382.0,9,0.0,1,0.0,0.0,0.0,0.0,0.0,0.0,,,,,
0.006145513,74.0,0.0,3.0,,2,0.0,0,0.0,0.0,1.0,0.0,0.0,0.0,,,,,
0.024773394,62.0,0.0,0.306361049,,3,0.0,1,0.0,0.0,1.0,0.0,0.0,0.0,,,,,
0.24480453,31.0,0.0,0.139294927,2325.0,5,0.0,0,0.0,,0.0,1.0,0.0,0.0,,,,,
0.9999999,30.0,0.0,0.149770046,5000.0,2,0.0,0,0.0,,0.0,1.0,0.0,0.0,,,,,
0.041566544,71.0,0.0,1440.0,,10,0.0,2,0.0,0.0,1.0,0.0,0.0,0.0,,,,,
0.805365498,48.0,0.0,4977.0199999999895,5382.0,15,0.0,3,0.0,0.0,0.0,0.0,0.0,0.0,,,,,
0.0,58.0,0.0,2397.0,5382.0,7,0.0,1,0.0,0.0,0.0,0.0,0.0,0.0,,,,,
0.41700738,46.0,0.0,3.409436226,2500.0,16,0.0,2,0.0,0.0,0.0,0.0,0.0,0.0,,,,,
0.213109301,62.0,0.0,0.198412698,10835.0,10,0.0,3,0.0,0.0,0.0,0.0,0.0,0.0,,,,,
0.618538324,35.0,1.0,0.614483243,12800.0,14,0.0,6,0.0,0.0,0.0,0.0,0.0,0.0,,,,,
0.005706934,78.0,0.0,12.0,5382.0,6,0.0,0,0.0,,0.0,1.0,0.0,0.0,,,,,
0.106986627,56.0,0.0,25.0,5382.0,5,0.0,0,0.0,0.0,0.0,0.0,0.0,0.0,,,,,
0.9999999,70.0,0.0,397.0,5382.0,2,0.0,1,0.0,0.0,0.0,0.0,0.0,0.0,,,,,
0.095133453,78.0,0.0,0.126069914,12500.0,5,0.0,2,0.0,0.0,0.0,0.0,0.0,0.0,,,,,
0.046213916,60.0,0.0,537.0,5382.0,9,0.0,0,0.0,0.0,0.0,0.0,0.0,0.0,,,,,
0.001323481,50.0,0.0,0.195737964,3800.0,6,0.0,0,0.0,1.0,0.0,0.0,0.0,0.0,,,,,
0.410258255,30.0,0.0,0.175561097,2004.0,3,0.0,0,0.0,0.0,0.0,0.0,0.0,0.0,,,,,
0.047206656,54.0,0.0,3672.0,5382.0,4,0.0,1,0.0,2.0,0.0,0.0,0.0,0.0,,,,,
0.108275669,36.0,0.0,0.392001666,4800.0,5,0.0,1,0.0,3.0,0.0,0.0,0.0,0.0,,,,,
0.955279112,35.0,0.0,363.0,,2,0.0,0,0.0,1.0,1.0,0.0,0.0,0.0,,,,,
0.085106383,56.0,0.0,82.0,5382.0,5,0.0,0,0.0,0.0,0.0,0.0,0.0,0.0,,,,,
0.782599581,51.0,4.0,0.365302055,13043.0,21,0.0,1,1.0,4.0,0.0,0.0,0.0,0.0,,,,,
0.040704925,38.0,0.0,0.236817177,9500.0,11,0.0,1,0.0,2.0,0.0,0.0,0.0,0.0,,,,,
0.9999999,32.0,2.0,0.451372478,5500.0,5,0.0,1,0.0,2.0,0.0,0.0,0.0,0.0,,,,,
0.499291692,50.0,0.0,0.166526493,10700.0,15,0.0,0,0.0,2.0,0.0,0.0,0.0,0.0,,,,,
0.0,53.0,0.0,0.140766329,22000.0,7,0.0,2,0.0,2.0,0.0,0.0,0.0,0.0,,,,,
0.00218447,51.0,0.0,0.04965839,,15,0.0,0,0.0,2.0,1.0,0.0,0.0,0.0,,,,,
0.569904625,38.0,0.0,0.475752425,10000.0,20,0.0,1,0.0,2.0,0.0,0.0,0.0,0.0,,,,,
0.038688905,55.0,0.0,0.644687393,11707.0,17,0.0,4,0.0,2.0,0.0,0.0,0.0,0.0,,,,,
0.351405404,53.0,0.0,0.444340755,7500.0,6,0.0,2,0.0,3.0,0.0,0.0,0.0,0.0,,,,,
0.366188867,68.0,0.0,0.484303139,5000.0,10,0.0,2,0.0,0.0,0.0,0.0,0.0,0.0,,,,,
0.966681245,38.0,0.0,0.162118581,,6,1.0,0,0.0,2.0,1.0,0.0,0.0,0.0,,,,,
0.000298499,67.0,0.0,0.0,5382.0,7,0.0,0,0.0,0.0,0.0,0.0,0.0,0.0,,,,,
0.88109977,30.0,0.0,0.615912013,7000.0,16,0.0,2,0.0,0.0,0.0,0.0,0.0,0.0,,,,,
0.0,45.0,0.0,0.171241592,5500.0,10,0.0,0,0.0,0.0,0.0,0.0,0.0,0.0,,,,,
0.613967892,50.0,3.0,0.473471158,6916.0,9,0.0,1,0.0,1.0,0.0,0.0,0.0,0.0,,,,,
0.933008946,52.0,1.0,0.467559648,,12,0.0,4,0.0,0.0,1.0,0.0,0.0,0.0,,,,,
0.280486307,82.0,0.0,0.608156607,,7,0.0,1,0.0,0.0,1.0,0.0,0.0,0.0,,,,,
0.173279438,26.0,0.0,85.0,5382.0,8,0.0,0,0.0,0.0,0.0,0.0,0.0,0.0,,,,,
0.02419879,48.0,0.0,0.190258534,,6,0.0,1,0.0,2.0,1.0,0.0,0.0,0.0,,,,,
0.359467069,50.0,0.0,0.313683238,6496.0,15,0.0,2,0.0,0.0,0.0,0.0,0.0,0.0,,,,,
0.010436174,60.0,0.0,0.350434423,4833.0,10,0.0,1,0.0,0.0,0.0,0.0,0.0,0.0,,,,,
0.666666667,28.0,0.0,0.757676744,4200.0,3,0.0,1,0.0,0.0,0.0,0.0,0.0,0.0,,,,,
0.411198933,25.0,0.0,0.027731788,4831.0,6,0.0,0,0.0,0.0,0.0,0.0,0.0,0.0,,,,,
0.05699715,47.0,0.0,3494.0,5382.0,7,0.0,1,0.0,,0.0,1.0,0.0,0.0,,,,,
0.350716198,48.0,1.0,1.088691796,4058.0,17,0.0,2,0.0,1.0,0.0,0.0,0.0,0.0,,,,,
0.094132998,63.0,0.0,0.037445966,19200.0,8,0.0,0,0.0,1.0,0.0,0.0,0.0,0.0,,,,,
0.0,52.0,0.0,0.304087507,8684.0,12,1.0,1,0.0,1.0,0.0,0.0,0.0,0.0,,,,,
0.522501741,56.0,0.0,0.390601566,,13,0.0,1,0.0,2.0,1.0,0.0,0.0,0.0,,,,,
0.265381517,59.0,0.0,3438.0,5382.0,12,0.0,2,0.0,0.0,0.0,0.0,0.0,0.0,,,,,
0.016858324,68.0,0.0,0.032644903,3001.0,20,0.0,0,0.0,1.0,0.0,0.0,0.0,0.0,,,,,
0.839737582,33.0,0.0,1439.0,5382.0,4,0.0,1,0.0,0.0,0.0,0.0,0.0,0.0,,,,,
0.429797517,53.0,1.0,0.274413954,9000.0,7,0.0,1,1.0,0.0,0.0,0.0,0.0,0.0,,,,,
0.171427769,51.0,0.0,0.180993235,12121.0,3,0.0,1,0.0,5.0,0.0,0.0,0.0,0.0,,,,,
1.004608295,51.0,1.0,0.896037495,2346.0,5,0.0,1,0.0,2.0,0.0,0.0,0.0,0.0,,,,,
0.200305518,61.0,0.0,0.284171076,9071.0,19,0.0,2,0.0,1.0,0.0,0.0,0.0,0.0,,,,,
0.055088819,39.0,0.0,0.30842164,3585.0,14,0.0,1,0.0,0.0,0.0,0.0,0.0,0.0,,,,,
0.171424431,40.0,0.0,0.219871205,3260.0,4,0.0,1,0.0,0.0,0.0,0.0,0.0,0.0,,,,,
0.043725384,56.0,0.0,0.193748385,3870.0,5,0.0,1,0.0,1.0,0.0,0.0,0.0,0.0,,,,,
0.184229016,39.0,1.0,0.405228758,9026.0,9,0.0,3,0.0,2.0,0.0,0.0,0.0,0.0,,,,,
0.076579066,78.0,0.0,440.0,5382.0,4,0.0,0,0.0,0.0,0.0,0.0,0.0,0.0,,,,,
0.66875835,42.0,1.0,0.36921041,6800.0,12,0.0,1,0.0,2.0,0.0,0.0,0.0,0.0,,,,,
0.44451931,30.0,0.0,0.74341661,,7,0.0,0,1.0,0.0,1.0,0.0,0.0,0.0,,,,,
0.089830838,74.0,0.0,0.027993002,4000.0,6,0.0,0,0.0,0.0,0.0,0.0,0.0,0.0,,,,,
0.46614905,38.0,0.0,0.543575921,2225.0,6,0.0,1,0.0,2.0,0.0,0.0,0.0,0.0,,,,,
0.807035977,56.0,0.0,946.0,5382.0,3,0.0,0,0.0,0.0,0.0,0.0,0.0,0.0,,,,,
0.137257255,49.0,0.0,0.008418727,,5,0.0,0,0.0,2.0,1.0,0.0,0.0,0.0,,,,,
0.071889237,63.0,0.0,2498.0,5382.0,6,0.0,2,1.0,0.0,0.0,0.0,0.0,0.0,,,,,
0.107021132,48.0,0.0,0.009711511,,4,0.0,0,0.0,1.0,1.0,0.0,0.0,0.0,,,,,
0.0,24.0,0.0,0.0,820.0,3,0.0,0,0.0,0.0,0.0,0.0,0.0,0.0,,,,,
0.931766044,71.0,0.0,0.461775922,,6,0.0,0,2.0,,1.0,1.0,0.0,0.0,,,,,
0.053364153,91.0,0.0,2966.0,5382.0,4,0.0,1,0.0,0.0,0.0,0.0,0.0,0.0,,,,,
0.689661881,30.0,0.0,0.525148391,,7,0.0,1,0.0,0.0,1.0,0.0,0.0,0.0,,,,,
0.010318025,51.0,0.0,0.515146971,6667.0,6,0.0,2,0.0,5.0,0.0,0.0,0.0,0.0,,,,,
0.684035141,40.0,1.0,0.334416396,,4,0.0,1,0.0,3.0,1.0,0.0,0.0,0.0,,,,,
0.029555194,45.0,0.0,0.185319606,13500.0,7,0.0,2,0.0,3.0,0.0,0.0,0.0,0.0,,,,,
0.0,50.0,0.0,0.0,,1,0.0,0,0.0,0.0,1.0,0.0,0.0,0.0,,,,,
0.027354421,77.0,0.0,0.011623748,,9,0.0,0,0.0,0.0,1.0,0.0,0.0,0.0,,,,,
0.365495242,46.0,0.0,0.295603128,,10,0.0,1,0.0,,1.0,1.0,0.0,0.0,,,,,
0.064662026,60.0,0.0,0.258217723,,3,0.0,1,0.0,1.0,1.0,0.0,0.0,0.0,,,,,
0.003359529,57.0,0.0,2473.0,5382.0,24,0.0,3,0.0,0.0,0.0,0.0,0.0,0.0,,,,,
0.199920794,58.0,3.0,0.550216884,2996.0,10,0.0,1,0.0,1.0,0.0,0.0,0.0,0.0,,,,,
0.245380247,51.0,0.0,0.151579426,13200.0,12,0.0,1,0.0,2.0,0.0,0.0,0.0,0.0,,,,,
0.436092378,50.0,3.0,0.46664859,7375.0,13,0.0,2,0.0,0.0,0.0,0.0,0.0,0.0,,,,,
0.254089643,63.0,0.0,0.63048136,7000.0,17,0.0,2,0.0,0.0,0.0,0.0,0.0,0.0,,,,,
0.459832203,41.0,0.0,0.565231679,3042.0,8,0.0,1,0.0,1.0,0.0,0.0,0.0,0.0,,,,,
0.045690078,76.0,0.0,0.259907176,2800.0,5,0.0,1,0.0,0.0,0.0,0.0,0.0,0.0,,,,,
0.167334146,43.0,4.0,1.043043478,9199.0,11,0.0,3,0.0,2.0,0.0,0.0,0.0,0.0,,,,,
0.9999999,72.0,0.0,0.341073214,,8,0.0,2,0.0,0.0,1.0,0.0,0.0,0.0,,,,,
1.074179743,28.0,1.0,0.063541435,,3,5.0,0,0.0,0.0,1.0,0.0,0.0,0.0,,,,,
0.004635942,39.0,0.0,0.406655844,8623.0,4,0.0,2,0.0,2.0,0.0,0.0,0.0,0.0,,,,,
0.0,48.0,0.0,0.0,5382.0,1,0.0,0,0.0,0.0,0.0,0.0,0.0,0.0,,,,,
0.627489184,58.0,0.0,0.872621359,,10,0.0,1,0.0,0.0,1.0,0.0,0.0,0.0,,,,,
0.017732151,45.0,0.0,0.000933209,7500.0,4,0.0,0,0.0,0.0,0.0,0.0,0.0,0.0,,,,,
0.386323752,73.0,0.0,0.660925102,5166.0,17,2.0,2,0.0,0.0,0.0,0.0,0.0,0.0,,,,,
0.0,37.0,0.0,229.5,1.0,4,0.0,1,0.0,4.0,0.0,0.0,0.0,0.0,,,,,
0.9999999,51.0,1.0,0.545816733,6525.0,9,0.0,3,0.0,0.0,0.0,0.0,0.0,0.0,,,,,
0.173664667,49.0,0.0,0.225411158,3100.0,6,0.0,0,0.0,0.0,0.0,0.0,0.0,0.0,,,,,
0.0,31.0,0.0,0.075983115,4500.0,9,0.0,0,0.0,2.0,0.0,0.0,0.0,0.0,,,,,
0.342685592,58.0,0.0,0.461407145,8200.0,6,0.0,2,0.0,2.0,0.0,0.0,0.0,0.0,,,,,
0.016730126,77.0,0.0,0.008844453,5200.0,9,0.0,0,0.0,0.0,0.0,0.0,0.0,0.0,,,,,
0.462252097,55.0,0.0,1866.0,5382.0,7,0.0,2,1.0,0.0,0.0,0.0,0.0,0.0,,,,,
0.02194933,69.0,0.0,0.168839779,9049.0,12,0.0,1,0.0,0.0,0.0,0.0,0.0,0.0,,,,,
0.935294958,29.0,0.0,0.900208768,2394.0,8,0.0,1,0.0,1.0,0.0,0.0,0.0,0.0,,,,,
0.011099445,75.0,0.0,1009.0,5382.0,5,0.0,1,0.0,0.0,0.0,0.0,0.0,0.0,,,,,
1.0953084438899974,59.0,6.0,1.290616751,4166.0,11,0.0,1,1.0,0.0,0.0,0.0,0.0,0.0,,,,,
0.268224393,58.0,0.0,1.466542255,3750.0,6,0.0,3,0.0,0.0,0.0,0.0,0.0,0.0,,,,,
0.666509341,53.0,0.0,0.322048425,14000.0,14,0.0,2,0.0,2.0,0.0,0.0,0.0,0.0,,,,,
0.009717564,73.0,0.0,0.006043701,2150.0,5,0.0,0,0.0,0.0,0.0,0.0,0.0,0.0,,,,,
0.900729464,56.0,0.0,0.757114576,8081.0,16,0.0,2,0.0,0.0,0.0,0.0,0.0,0.0,,,,,
0.055023194,39.0,0.0,0.35702641,9200.0,9,0.0,2,0.0,1.0,0.0,0.0,0.0,0.0,,,,,
1.0953084438899974,58.0,0.0,0.315123251,1500.0,4,0.0,0,0.0,0.0,0.0,0.0,0.0,0.0,,,,,
0.128093595,50.0,0.0,0.270942408,4583.0,7,0.0,0,0.0,3.0,0.0,0.0,0.0,0.0,,,,,
0.051389722,48.0,0.0,0.433951333,1725.0,6,0.0,0,0.0,1.0,0.0,0.0,0.0,0.0,,,,,
0.671120807,39.0,0.0,4977.0199999999895,0.0,3,0.0,0,0.0,0.0,0.0,0.0,0.0,0.0,,,,,
0.9999999,24.0,0.0,0.116254603,1900.0,1,0.0,0,0.0,0.0,0.0,0.0,0.0,0.0,,,,,
0.005988568,66.0,0.0,1307.0,5382.0,10,0.0,2,0.0,0.0,0.0,0.0,0.0,0.0,,,,,
0.005887142,54.0,1.0,19.75124378,200.0,7,0.0,2,0.0,0.0,0.0,0.0,0.0,0.0,,,,,
0.648918911,43.0,3.0,0.631462118,17118.0,23,1.0,8,1.0,1.0,0.0,0.0,0.0,0.0,,,,,
0.516831579,37.0,0.0,0.862385321,1852.0,8,0.0,1,0.0,0.0,0.0,0.0,0.0,0.0,,,,,
0.107288999,72.0,0.0,0.299378546,3700.0,19,0.0,1,0.0,0.0,0.0,0.0,0.0,0.0,,,,,
0.382180539,37.0,0.0,0.357941514,6975.0,2,0.0,1,0.0,0.0,0.0,0.0,0.0,0.0,,,,,
0.54345466,30.0,0.0,643.0,5382.0,4,0.0,0,0.0,0.0,0.0,0.0,0.0,0.0,,,,,
0.9999999,25.0,0.0,0.016518148,4600.0,1,0.0,0,0.0,1.0,0.0,0.0,0.0,0.0,,,,,
0.043629867,86.0,0.0,47.0,5382.0,7,0.0,0,0.0,0.0,0.0,0.0,0.0,0.0,,,,,
0.017950675,63.0,0.0,0.734340859,10983.0,13,0.0,5,0.0,0.0,0.0,0.0,0.0,0.0,,,,,
0.231927534,49.0,0.0,130.0,,15,0.0,0,0.0,0.0,1.0,0.0,0.0,0.0,,,,,
0.65391976,56.0,0.0,0.432160194,8239.0,11,0.0,2,0.0,0.0,0.0,0.0,0.0,0.0,,,,,
0.016339677,54.0,0.0,0.088582284,5000.0,27,0.0,0,0.0,1.0,0.0,0.0,0.0,0.0,,,,,
0.417403941,51.0,0.0,0.624895222,7157.0,10,0.0,2,0.0,0.0,0.0,0.0,0.0,0.0,,,,,
0.008726215,48.0,1.0,0.171273773,9043.0,3,1.0,1,0.0,2.0,0.0,0.0,0.0,0.0,,,,,
0.005119172,84.0,0.0,868.0,5382.0,8,0.0,2,0.0,0.0,0.0,0.0,0.0,0.0,,,,,
0.0,38.0,1.0,0.397320536,5000.0,5,0.0,1,0.0,0.0,0.0,0.0,0.0,0.0,,,,,
1.005389689,62.0,3.0,0.48250861,5516.0,6,0.0,1,1.0,,0.0,1.0,0.0,0.0,,,,,
0.049773756,54.0,0.0,0.008136809,7250.0,6,0.0,0,0.0,0.0,0.0,0.0,0.0,0.0,,,,,
0.080322443,36.0,0.0,0.063587283,5000.0,13,0.0,0,0.0,0.0,0.0,0.0,0.0,0.0,,,,,
0.087260849,57.0,0.0,1699.0,5382.0,3,0.0,1,0.0,0.0,0.0,0.0,0.0,0.0,,,,,
0.9999999,50.0,0.0,0.148616221,6250.0,11,0.0,1,0.0,0.0,0.0,0.0,0.0,0.0,,,,,
0.013386665,51.0,0.0,0.509038554,,16,0.0,2,0.0,0.0,1.0,0.0,0.0,0.0,,,,,
0.021332741,68.0,0.0,0.323922167,2620.0,11,0.0,0,0.0,0.0,0.0,0.0,0.0,0.0,,,,,
0.132492696,47.0,0.0,0.289854203,16666.0,14,0.0,1,0.0,,0.0,1.0,0.0,0.0,,,,,
0.506493506,48.0,0.0,0.273963472,7500.0,7,0.0,2,0.0,2.0,0.0,0.0,0.0,0.0,,,,,
0.165127399,52.0,0.0,0.386222473,,9,0.0,1,0.0,0.0,1.0,0.0,0.0,0.0,,,,,
0.119990401,61.0,0.0,0.306894448,1638.0,5,0.0,0,0.0,0.0,0.0,0.0,0.0,0.0,,,,,
0.097390261,70.0,0.0,29.0,5382.0,1,0.0,0,0.0,0.0,0.0,0.0,0.0,0.0,,,,,
0.159958124,65.0,0.0,0.178015812,7841.0,12,0.0,1,0.0,0.0,0.0,0.0,0.0,0.0,,,,,
0.9999999,21.0,0.0,0.0,820.0,1,0.0,0,0.0,0.0,0.0,0.0,0.0,0.0,,,,,
0.043747897,43.0,0.0,0.024975985,,4,0.0,0,0.0,2.0,1.0,0.0,0.0,0.0,,,,,
0.022914052,64.0,0.0,0.387288741,4200.0,11,0.0,1,0.0,2.0,0.0,0.0,0.0,0.0,,,,,
0.011681151,68.0,0.0,426.0,5382.0,6,0.0,0,0.0,0.0,0.0,0.0,0.0,0.0,,,,,
0.438677821,55.0,0.0,3.920918367,783.0,14,0.0,2,0.0,1.0,0.0,0.0,0.0,0.0,,,,,
0.509383021,48.0,0.0,0.595253966,7500.0,9,0.0,2,0.0,2.0,0.0,0.0,0.0,0.0,,,,,
0.018026186,84.0,0.0,0.091313042,4500.0,12,0.0,0,0.0,0.0,0.0,0.0,0.0,0.0,,,,,
0.304291143,48.0,0.0,0.137658228,11375.0,15,0.0,0,0.0,2.0,0.0,0.0,0.0,0.0,,,,,
0.071077157,58.0,0.0,0.308292098,,8,0.0,1,0.0,0.0,1.0,0.0,0.0,0.0,,,,,
0.05512726,35.0,0.0,2060.0,5382.0,10,0.0,2,0.0,1.0,0.0,0.0,0.0,0.0,,,,,
0.010092677,56.0,0.0,0.093145069,,14,0.0,0,0.0,0.0,1.0,0.0,0.0,0.0,,,,,
0.027875409,46.0,0.0,0.7296967,,8,0.0,2,0.0,2.0,1.0,0.0,0.0,0.0,,,,,
0.257705082,50.0,0.0,0.392111779,5653.0,3,0.0,1,0.0,1.0,0.0,0.0,0.0,0.0,,,,,
0.009815373,65.0,1.0,0.223946785,7666.0,9,0.0,2,0.0,1.0,0.0,0.0,0.0,0.0,,,,,
0.056531206,55.0,0.0,0.075557862,,8,0.0,0,0.0,,1.0,1.0,0.0,0.0,,,,,
0.076878094,54.0,0.0,372.0,5382.0,9,0.0,0,0.0,1.0,0.0,0.0,0.0,0.0,,,,,
0.328235909,60.0,0.0,0.469087494,6388.0,18,0.0,2,0.0,1.0,0.0,0.0,0.0,0.0,,,,,
0.467191635,62.0,0.0,0.524622049,11310.0,11,0.0,3,0.0,0.0,0.0,0.0,0.0,0.0,,,,,
0.359578046,51.0,0.0,4977.0199999999895,5382.0,12,0.0,4,0.0,0.0,0.0,0.0,0.0,0.0,,,,,
0.103559664,49.0,0.0,3111.0,5382.0,18,0.0,2,0.0,2.0,0.0,0.0,0.0,0.0,,,,,
0.186831834,36.0,0.0,0.370104983,6000.0,17,0.0,2,0.0,0.0,0.0,0.0,0.0,0.0,,,,,
0.505083833,50.0,3.0,1.225290698,687.0,13,0.0,0,0.0,0.0,0.0,0.0,0.0,0.0,,,,,
0.994518789,32.0,0.0,0.566216453,,6,0.0,2,0.0,0.0,1.0,0.0,0.0,0.0,,,,,
0.316803517,41.0,0.0,0.169721495,,7,0.0,0,0.0,0.0,1.0,0.0,0.0,0.0,,,,,
0.025058087,44.0,0.0,1.034994168,6000.0,8,0.0,4,0.0,2.0,0.0,0.0,0.0,0.0,,,,,
0.004267365,78.0,0.0,0.00139972,5000.0,15,0.0,0,0.0,0.0,0.0,0.0,0.0,0.0,,,,,
0.001659235,50.0,0.0,0.442355764,10000.0,12,0.0,2,0.0,2.0,0.0,0.0,0.0,0.0,,,,,
0.987905177,60.0,1.0,0.491579696,8431.0,10,0.0,1,0.0,0.0,0.0,0.0,0.0,0.0,,,,,
0.160372802,48.0,1.0,2670.0,,13,0.0,1,0.0,0.0,1.0,0.0,0.0,0.0,,,,,
0.258580473,39.0,0.0,0.575395723,3600.0,10,0.0,1,0.0,0.0,0.0,0.0,0.0,0.0,,,,,
0.419338285,48.0,0.0,792.0,5382.0,6,0.0,1,0.0,0.0,0.0,0.0,0.0,0.0,,,,,
0.412842882,56.0,0.0,4422.0,,16,0.0,3,0.0,0.0,1.0,0.0,0.0,0.0,,,,,
0.2299213,45.0,0.0,0.623506462,4100.0,20,0.0,2,0.0,2.0,0.0,0.0,0.0,0.0,,,,,
0.031039321,81.0,0.0,0.011836914,2280.0,3,0.0,0,0.0,0.0,0.0,0.0,0.0,0.0,,,,,
0.334672781,42.0,0.0,0.832704834,2916.0,14,0.0,1,0.0,1.0,0.0,0.0,0.0,0.0,,,,,
0.036671653,45.0,0.0,4977.0199999999895,5382.0,15,0.0,4,0.0,0.0,0.0,0.0,0.0,0.0,,,,,
0.040865355,57.0,0.0,0.095144679,12233.0,14,0.0,1,0.0,0.0,0.0,0.0,0.0,0.0,,,,,
0.610530993,33.0,0.0,0.318068193,,7,0.0,2,0.0,3.0,1.0,0.0,0.0,0.0,,,,,
0.088575278,58.0,0.0,0.287742452,5000.0,5,0.0,1,0.0,0.0,0.0,0.0,0.0,0.0,,,,,
0.043913027,54.0,0.0,0.165405206,10833.0,10,0.0,1,0.0,2.0,0.0,0.0,0.0,0.0,,,,,
0.019360281,55.0,0.0,2891.0,,14,0.0,2,0.0,2.0,1.0,0.0,0.0,0.0,,,,,
0.005738881,37.0,0.0,4568.0,5382.0,6,0.0,2,0.0,0.0,0.0,0.0,0.0,0.0,,,,,
0.252719481,39.0,1.0,0.732880293,,9,0.0,2,0.0,1.0,1.0,0.0,0.0,0.0,,,,,
0.029800642,60.0,0.0,0.136558423,10500.0,16,0.0,1,0.0,0.0,0.0,0.0,0.0,0.0,,,,,
0.0,40.0,0.0,2549.0,5382.0,3,0.0,1,0.0,0.0,0.0,0.0,0.0,0.0,,,,,
0.234746034,63.0,1.0,0.173385196,,9,0.0,1,0.0,1.0,1.0,0.0,0.0,0.0,,,,,
0.300155521,41.0,0.0,0.101885544,3022.0,4,0.0,0,0.0,0.0,0.0,0.0,0.0,0.0,,,,,
0.358018751,56.0,0.0,0.677190121,,17,0.0,3,0.0,3.0,1.0,0.0,0.0,0.0,,,,,
0.092392056,71.0,2.0,0.190062303,13000.0,7,0.0,1,0.0,0.0,0.0,0.0,0.0,0.0,,,,,
0.103342801,45.0,0.0,0.190716202,,9,0.0,1,0.0,4.0,1.0,0.0,0.0,0.0,,,,,
0.080615385,64.0,0.0,0.834481226,4500.0,10,0.0,1,0.0,0.0,0.0,0.0,0.0,0.0,,,,,
0.054335514,70.0,0.0,0.195426195,2404.0,13,0.0,0,0.0,0.0,0.0,0.0,0.0,0.0,,,,,
0.319361277,22.0,0.0,0.00111576,,1,0.0,0,0.0,0.0,1.0,0.0,0.0,0.0,,,,,
0.057476396,67.0,1.0,0.003701745,20800.0,5,1.0,0,0.0,0.0,0.0,0.0,0.0,0.0,,,,,
0.952905084,47.0,0.0,0.475277234,7664.0,11,0.0,2,1.0,0.0,0.0,0.0,0.0,0.0,,,,,
0.526899215,65.0,0.0,4977.0199999999895,5382.0,9,0.0,2,0.0,0.0,0.0,0.0,0.0,0.0,,,,,
0.005698992,40.0,0.0,0.503747149,6137.0,7,0.0,1,0.0,0.0,0.0,0.0,0.0,0.0,,,,,
0.018698802,70.0,0.0,3.125316624,7500.0,13,0.0,2,0.0,1.0,0.0,0.0,0.0,0.0,,,,,
0.188208014,33.0,0.0,0.46218092,8500.0,10,0.0,2,0.0,0.0,0.0,0.0,0.0,0.0,,,,,
0.426732663,78.0,0.0,0.463903743,5983.0,11,0.0,1,0.0,0.0,0.0,0.0,0.0,0.0,,,,,
0.438850485,40.0,1.0,0.173293455,5683.0,8,0.0,0,0.0,0.0,0.0,0.0,0.0,0.0,,,,,
0.258028309,51.0,0.0,0.43742503,2500.0,13,0.0,1,0.0,2.0,0.0,0.0,0.0,0.0,,,,,
0.096614805,57.0,0.0,2973.0,5382.0,6,0.0,1,0.0,0.0,0.0,0.0,0.0,0.0,,,,,
0.435013827,44.0,0.0,0.211368181,3500.0,5,0.0,0,0.0,1.0,0.0,0.0,0.0,0.0,,,,,
1.0953084438899974,32.0,2.0,0.120535714,,4,1.0,0,0.0,0.0,1.0,0.0,0.0,0.0,,,,,
0.15437343,62.0,0.0,0.343269765,5400.0,9,0.0,1,0.0,0.0,0.0,0.0,0.0,0.0,,,,,
0.225277631,63.0,0.0,4.226394135,4500.0,9,0.0,0,0.0,0.0,0.0,0.0,0.0,0.0,,,,,
0.094549353,74.0,0.0,129.0,5382.0,9,0.0,0,0.0,0.0,0.0,0.0,0.0,0.0,,,,,
0.049010203,62.0,0.0,50.0,5382.0,10,0.0,0,0.0,0.0,0.0,0.0,0.0,0.0,,,,,
0.9999999,49.0,0.0,0.020212228,3957.0,1,0.0,0,0.0,3.0,0.0,0.0,0.0,0.0,,,,,
0.001534073,72.0,0.0,1018.0,5382.0,9,0.0,1,0.0,0.0,0.0,0.0,0.0,0.0,,,,,
0.067645057,45.0,0.0,0.213964339,6000.0,17,0.0,0,0.0,4.0,0.0,0.0,0.0,0.0,,,,,
0.105556349,45.0,0.0,0.222071349,,5,0.0,2,0.0,2.0,1.0,0.0,0.0,0.0,,,,,
0.99488041,47.0,0.0,0.51346557,6200.0,13,0.0,1,1.0,0.0,0.0,0.0,0.0,0.0,,,,,
0.041555043,54.0,1.0,0.13476742,5438.0,8,0.0,1,2.0,0.0,0.0,0.0,0.0,0.0,,,,,
0.599293772,33.0,0.0,0.330303375,8800.0,11,0.0,2,0.0,0.0,0.0,0.0,0.0,0.0,,,,,
0.236604763,40.0,0.0,653.0,,13,0.0,0,0.0,0.0,1.0,0.0,0.0,0.0,,,,,
0.675177494,41.0,0.0,0.462659789,4458.0,10,0.0,1,0.0,2.0,0.0,0.0,0.0,0.0,,,,,
0.132091359,36.0,0.0,0.461418307,3200.0,8,0.0,2,0.0,1.0,0.0,0.0,0.0,0.0,,,,,
0.9999999,59.0,0.0,0.435009998,6500.0,5,0.0,2,0.0,0.0,0.0,0.0,0.0,0.0,,,,,
0.653733851,63.0,0.0,0.549798259,4708.0,4,0.0,1,0.0,0.0,0.0,0.0,0.0,0.0,,,,,
0.113816657,60.0,1.0,2474.0,5382.0,6,0.0,1,0.0,0.0,0.0,0.0,0.0,0.0,,,,,
0.0,53.0,0.0,568.0,5382.0,7,0.0,0,0.0,,0.0,1.0,0.0,0.0,,,,,
0.003051849,77.0,0.0,0.403119376,,6,0.0,2,0.0,0.0,1.0,0.0,0.0,0.0,,,,,
0.782133534,36.0,1.0,4.0,,14,0.0,0,1.0,0.0,1.0,0.0,0.0,0.0,,,,,
0.0,92.0,0.0,0.006174069,5020.0,8,0.0,0,0.0,0.0,0.0,0.0,0.0,0.0,,,,,
0.907780705,51.0,0.0,0.775726811,6500.0,11,0.0,1,0.0,1.0,0.0,0.0,0.0,0.0,,,,,
0.65553652,30.0,0.0,0.365454811,,5,0.0,2,0.0,2.0,1.0,0.0,0.0,0.0,,,,,
0.612451673,72.0,0.0,1.969401947,718.0,10,0.0,1,0.0,0.0,0.0,0.0,0.0,0.0,,,,,
0.040482565,59.0,0.0,1.607196402,2000.0,6,0.0,2,0.0,0.0,0.0,0.0,0.0,0.0,,,,,
0.0,29.0,1.0,2665.0,5382.0,9,0.0,1,0.0,0.0,0.0,0.0,0.0,0.0,,,,,
0.144134135,40.0,0.0,2201.0,5382.0,6,0.0,2,0.0,0.0,0.0,0.0,0.0,0.0,,,,,
0.031527465,71.0,0.0,0.15836587,10500.0,12,0.0,1,0.0,0.0,0.0,0.0,0.0,0.0,,,,,
0.086950924,64.0,0.0,0.010296996,11750.0,3,0.0,0,0.0,0.0,0.0,0.0,0.0,0.0,,,,,
0.181486092,65.0,0.0,0.03487301,7598.0,5,0.0,0,0.0,0.0,0.0,0.0,0.0,0.0,,,,,
0.547113209,44.0,0.0,0.512308067,,13,0.0,2,0.0,0.0,1.0,0.0,0.0,0.0,,,,,
0.003215335,85.0,0.0,0.000907112,5511.0,5,0.0,0,0.0,0.0,0.0,0.0,0.0,0.0,,,,,
0.814226925,46.0,0.0,0.529440389,,9,0.0,1,0.0,0.0,1.0,0.0,0.0,0.0,,,,,
0.317894568,49.0,0.0,0.141443907,4750.0,7,0.0,1,0.0,0.0,0.0,0.0,0.0,0.0,,,,,
0.196715192,60.0,0.0,2504.0,5382.0,12,0.0,1,0.0,0.0,0.0,0.0,0.0,0.0,,,,,
0.9999999,44.0,0.0,0.05545943,,0,0.0,0,0.0,3.0,1.0,0.0,0.0,0.0,,,,,
0.246850062,61.0,0.0,0.385175857,,16,0.0,2,0.0,0.0,1.0,0.0,0.0,0.0,,,,,
0.29183852,53.0,1.0,1599.0,5382.0,4,8.0,0,1.0,2.0,0.0,0.0,0.0,0.0,,,,,
0.954091816,24.0,0.0,0.034912718,400.0,1,0.0,0,0.0,0.0,0.0,0.0,0.0,0.0,,,,,
0.018854602,50.0,0.0,0.441158272,8080.0,9,0.0,2,0.0,2.0,0.0,0.0,0.0,0.0,,,,,
0.144058919,58.0,0.0,0.2335968,10500.0,12,0.0,1,0.0,0.0,0.0,0.0,0.0,0.0,,,,,
0.193144332,50.0,0.0,1.378850958,,8,0.0,2,0.0,2.0,1.0,0.0,0.0,0.0,,,,,
0.052833849,65.0,0.0,0.252502781,,6,0.0,1,0.0,0.0,1.0,0.0,0.0,0.0,,,,,
0.108203862,55.0,0.0,0.481061334,5200.0,16,0.0,2,0.0,0.0,0.0,0.0,0.0,0.0,,,,,
0.147861846,58.0,0.0,0.021180518,9300.0,3,0.0,0,0.0,1.0,0.0,0.0,0.0,0.0,,,,,
0.020395921,64.0,0.0,0.491049383,3239.0,2,0.0,1,0.0,0.0,0.0,0.0,0.0,0.0,,,,,
0.01702853,68.0,0.0,0.00329373,8500.0,8,0.0,0,0.0,1.0,0.0,0.0,0.0,0.0,,,,,
0.207442894,30.0,0.0,430.0,,5,0.0,0,0.0,0.0,1.0,0.0,0.0,0.0,,,,,
0.187341105,30.0,0.0,925.0,5382.0,12,0.0,0,0.0,0.0,0.0,0.0,0.0,0.0,,,,,
0.996003996,24.0,0.0,0.096345515,,1,0.0,0,0.0,0.0,1.0,0.0,0.0,0.0,,,,,
0.088252371,65.0,1.0,0.225777422,,8,0.0,1,0.0,2.0,1.0,0.0,0.0,0.0,,,,,
0.012821315,58.0,0.0,0.56471224,3700.0,20,0.0,1,0.0,0.0,0.0,0.0,0.0,0.0,,,,,
0.009495252,56.0,0.0,0.055031668,,2,0.0,0,0.0,1.0,1.0,0.0,0.0,0.0,,,,,
0.040386183,53.0,0.0,0.306885986,6200.0,11,0.0,2,0.0,2.0,0.0,0.0,0.0,0.0,,,,,
0.01837584,45.0,0.0,0.417516497,6667.0,20,0.0,2,0.0,0.0,0.0,0.0,0.0,0.0,,,,,
0.008944196,77.0,0.0,16.0,5382.0,11,0.0,0,0.0,0.0,0.0,0.0,0.0,0.0,,,,,
0.018542327,53.0,0.0,0.47189729,,9,0.0,3,0.0,0.0,1.0,0.0,0.0,0.0,,,,,
0.01589947,41.0,0.0,0.020989505,666.0,3,0.0,0,0.0,1.0,0.0,0.0,0.0,0.0,,,,,
0.077076917,73.0,0.0,78.0,5382.0,5,0.0,0,0.0,0.0,0.0,0.0,0.0,0.0,,,,,
0.0349965,31.0,2.0,0.420351033,4500.0,6,0.0,1,0.0,3.0,0.0,0.0,0.0,0.0,,,,,
0.145689951,39.0,0.0,0.524337817,7210.0,22,0.0,4,0.0,3.0,0.0,0.0,0.0,0.0,,,,,
0.713022075,46.0,0.0,0.548769961,9267.0,13,0.0,1,0.0,1.0,0.0,0.0,0.0,0.0,,,,,
0.17888321,43.0,0.0,0.357663191,7000.0,12,0.0,2,0.0,1.0,0.0,0.0,0.0,0.0,,,,,
0.000570259,59.0,0.0,1195.0,,11,0.0,1,0.0,0.0,1.0,0.0,0.0,0.0,,,,,
0.149573547,54.0,0.0,0.360985533,8847.0,9,0.0,2,0.0,1.0,0.0,0.0,0.0,0.0,,,,,
0.058859932,45.0,0.0,0.828434313,5000.0,15,0.0,1,0.0,2.0,0.0,0.0,0.0,0.0,,,,,
0.092264616,42.0,0.0,0.207904915,10600.0,5,0.0,1,0.0,2.0,0.0,0.0,0.0,0.0,,,,,
0.057938517,75.0,1.0,71.0,,6,0.0,0,0.0,0.0,1.0,0.0,0.0,0.0,,,,,
0.939488785,47.0,0.0,0.216786818,3883.0,6,0.0,0,0.0,4.0,0.0,0.0,0.0,0.0,,,,,
0.015679373,65.0,0.0,2875.0,5382.0,6,0.0,1,0.0,0.0,0.0,0.0,0.0,0.0,,,,,
0.342996643,62.0,0.0,0.780367232,1415.0,11,0.0,1,0.0,,0.0,1.0,0.0,0.0,,,,,
0.298440391,47.0,0.0,0.231028313,,8,0.0,2,0.0,2.0,1.0,0.0,0.0,0.0,,,,,
1.04745167,46.0,2.0,0.599870298,,6,3.0,0,0.0,0.0,1.0,0.0,0.0,0.0,,,,,
0.036918523,74.0,0.0,0.21568244,15341.0,11,0.0,2,0.0,0.0,0.0,0.0,0.0,0.0,,,,,
0.696758609,34.0,0.0,0.218791946,4469.0,9,0.0,0,0.0,1.0,0.0,0.0,0.0,0.0,,,,,
0.613251627,65.0,0.0,3038.0,5382.0,12,0.0,2,0.0,0.0,0.0,0.0,0.0,0.0,,,,,
0.004910779,50.0,0.0,0.132733408,8000.0,13,0.0,3,0.0,4.0,0.0,0.0,0.0,0.0,,,,,
0.823920266,57.0,0.0,0.006357856,,2,0.0,0,0.0,0.0,1.0,0.0,0.0,0.0,,,,,
0.018174207,63.0,0.0,45.0,5382.0,4,0.0,0,0.0,0.0,0.0,0.0,0.0,0.0,,,,,
0.834553822,76.0,1.0,0.493563044,5281.0,8,0.0,0,1.0,0.0,0.0,0.0,0.0,0.0,,,,,
0.06137966,53.0,0.0,0.469829297,10075.0,10,0.0,2,0.0,1.0,0.0,0.0,0.0,0.0,,,,,
0.0,51.0,0.0,1.340847119,5500.0,15,0.0,2,0.0,3.0,0.0,0.0,0.0,0.0,,,,,
0.0,63.0,0.0,0.405622111,10600.0,18,0.0,2,0.0,0.0,0.0,0.0,0.0,0.0,,,,,
0.040605643,63.0,0.0,0.173819412,,7,0.0,1,0.0,0.0,1.0,0.0,0.0,0.0,,,,,
0.258235085,71.0,0.0,0.868867705,4300.0,20,0.0,2,0.0,0.0,0.0,0.0,0.0,0.0,,,,,
1.006044627,53.0,0.0,0.399334443,1201.0,8,0.0,0,1.0,0.0,0.0,0.0,0.0,0.0,,,,,
0.212371976,56.0,2.0,0.649781486,,19,0.0,3,0.0,0.0,1.0,0.0,0.0,0.0,,,,,
0.555544446,40.0,0.0,0.214414279,13333.0,7,0.0,1,1.0,3.0,0.0,0.0,0.0,0.0,,,,,
0.219280177,29.0,0.0,0.166952348,2916.0,9,0.0,0,0.0,0.0,0.0,0.0,0.0,0.0,,,,,
0.314685703,51.0,3.0,0.160317928,16984.0,13,0.0,2,1.0,4.0,0.0,0.0,0.0,0.0,,,,,
0.189334634,48.0,0.0,0.359389987,,16,0.0,2,0.0,3.0,1.0,0.0,0.0,0.0,,,,,
0.430794677,55.0,0.0,0.119253831,,10,2.0,0,0.0,0.0,1.0,0.0,0.0,0.0,,,,,
0.724754571,53.0,0.0,0.22875817,2600.0,8,0.0,0,0.0,3.0,0.0,0.0,0.0,0.0,,,,,
0.283259583,40.0,0.0,0.274735114,6700.0,6,0.0,2,0.0,2.0,0.0,0.0,0.0,0.0,,,,,
0.194447712,31.0,1.0,0.01774308,2817.0,2,1.0,0,3.0,0.0,0.0,0.0,0.0,0.0,,,,,
0.094552518,56.0,0.0,0.330933525,,18,0.0,2,0.0,0.0,1.0,0.0,0.0,0.0,,,,,
0.604178834,90.0,0.0,0.294012511,11189.0,13,0.0,1,0.0,,0.0,1.0,0.0,0.0,,,,,
0.044924638,32.0,1.0,0.339932014,5000.0,7,0.0,1,0.0,,0.0,1.0,0.0,0.0,,,,,
0.008966368,53.0,0.0,0.825335215,2833.0,16,0.0,2,0.0,2.0,0.0,0.0,0.0,0.0,,,,,
0.007168654,59.0,0.0,0.150606174,8000.0,13,0.0,2,0.0,0.0,0.0,0.0,0.0,0.0,,,,,
0.9999999,74.0,0.0,0.006662225,1500.0,0,3.0,0,0.0,0.0,0.0,0.0,0.0,0.0,,,,,
0.180454886,67.0,0.0,0.531387445,2500.0,10,0.0,2,0.0,0.0,0.0,0.0,0.0,0.0,,,,,
0.246900413,26.0,0.0,0.329341317,500.0,7,0.0,0,0.0,0.0,0.0,0.0,0.0,0.0,,,,,
0.395063836,55.0,0.0,0.407146008,,14,0.0,1,0.0,1.0,1.0,0.0,0.0,0.0,,,,,
0.321561307,65.0,0.0,0.77600284,2816.0,6,0.0,0,0.0,0.0,0.0,0.0,0.0,0.0,,,,,
0.043951506,75.0,0.0,44.0,5382.0,5,0.0,0,0.0,0.0,0.0,0.0,0.0,0.0,,,,,
0.041664886,64.0,0.0,28.0,5382.0,6,0.0,0,0.0,0.0,0.0,0.0,0.0,0.0,,,,,
0.041441201,59.0,0.0,0.013920526,3950.0,3,0.0,0,0.0,0.0,0.0,0.0,0.0,0.0,,,,,
0.524435231,65.0,1.0,0.568552253,5214.0,12,1.0,1,0.0,0.0,0.0,0.0,0.0,0.0,,,,,
0.336324098,62.0,0.0,2294.0,5382.0,8,0.0,1,0.0,0.0,0.0,0.0,0.0,0.0,,,,,
0.015777077,38.0,1.0,0.485502899,5000.0,8,0.0,1,0.0,0.0,0.0,0.0,0.0,0.0,,,,,
0.180494016,51.0,0.0,0.308884556,20000.0,14,0.0,3,0.0,4.0,0.0,0.0,0.0,0.0,,,,,
0.246064598,51.0,0.0,0.077450522,6416.0,9,0.0,0,0.0,0.0,0.0,0.0,0.0,0.0,,,,,
0.006718984,50.0,0.0,0.758570029,4083.0,12,0.0,1,0.0,2.0,0.0,0.0,0.0,0.0,,,,,
0.007618685,75.0,0.0,4.0,5382.0,7,0.0,0,0.0,0.0,0.0,0.0,0.0,0.0,,,,,
0.138510328,61.0,0.0,0.329941442,10416.0,9,0.0,2,0.0,0.0,0.0,0.0,0.0,0.0,,,,,
0.01467964,64.0,0.0,695.0,5382.0,6,0.0,2,0.0,0.0,0.0,0.0,0.0,0.0,,,,,
0.999929028,50.0,1.0,0.398826104,10051.0,13,0.0,3,0.0,0.0,0.0,0.0,0.0,0.0,,,,,
0.126224231,46.0,1.0,0.020707831,2655.0,3,0.0,0,0.0,0.0,0.0,0.0,0.0,0.0,,,,,
0.105192983,36.0,0.0,2521.0,5382.0,15,0.0,2,0.0,0.0,0.0,0.0,0.0,0.0,,,,,
0.932788374,42.0,0.0,1531.0,5382.0,3,1.0,1,0.0,0.0,0.0,0.0,0.0,0.0,,,,,
0.09134034,38.0,0.0,3821.0,5382.0,7,0.0,1,0.0,2.0,0.0,0.0,0.0,0.0,,,,,
0.0,67.0,0.0,0.28616741,18600.0,15,0.0,3,0.0,0.0,0.0,0.0,0.0,0.0,,,,,
0.561072182,55.0,1.0,0.638860557,13725.0,35,0.0,2,1.0,0.0,0.0,0.0,0.0,0.0,,,,,
0.243783748,55.0,0.0,0.054625829,9500.0,4,0.0,0,0.0,3.0,0.0,0.0,0.0,0.0,,,,,
0.9999999,29.0,0.0,0.642238508,1500.0,3,0.0,1,0.0,0.0,0.0,0.0,0.0,0.0,,,,,
0.088461002,36.0,0.0,0.236788358,7833.0,9,0.0,2,0.0,3.0,0.0,0.0,0.0,0.0,,,,,
0.000848433,48.0,0.0,0.332261981,14000.0,10,0.0,3,0.0,1.0,0.0,0.0,0.0,0.0,,,,,
0.853381097,45.0,0.0,0.499830278,17675.0,16,0.0,3,0.0,0.0,0.0,0.0,0.0,0.0,,,,,
0.305039298,42.0,0.0,0.419166386,8900.0,7,0.0,1,0.0,0.0,0.0,0.0,0.0,0.0,,,,,
0.253444248,52.0,1.0,0.416715274,12000.0,15,0.0,1,0.0,0.0,0.0,0.0,0.0,0.0,,,,,
0.832737202,63.0,0.0,0.285071445,12666.0,7,0.0,2,0.0,0.0,0.0,0.0,0.0,0.0,,,,,
0.23101623,77.0,0.0,0.565692884,6674.0,23,0.0,6,0.0,,0.0,1.0,0.0,0.0,,,,,
0.035809772,67.0,0.0,0.011354008,,10,0.0,0,0.0,0.0,1.0,0.0,0.0,0.0,,,,,
0.038059599,71.0,0.0,2606.0,5382.0,12,0.0,1,0.0,0.0,0.0,0.0,0.0,0.0,,,,,
0.9999999,40.0,0.0,14.0,5382.0,0,2.0,0,0.0,2.0,0.0,0.0,0.0,0.0,,,,,
0.071354594,38.0,0.0,0.139593002,2800.0,7,0.0,0,0.0,0.0,0.0,0.0,0.0,0.0,,,,,
0.008571184,54.0,0.0,3008.0,5382.0,11,0.0,3,0.0,2.0,0.0,0.0,0.0,0.0,,,,,
0.045646388,55.0,0.0,0.220958751,13454.0,14,0.0,1,0.0,0.0,0.0,0.0,0.0,0.0,,,,,
0.056538055,50.0,0.0,393.0,5382.0,5,0.0,0,0.0,0.0,0.0,0.0,0.0,0.0,,,,,
0.043811131,53.0,0.0,0.214302856,8333.0,9,0.0,2,0.0,,0.0,1.0,0.0,0.0,,,,,
1.0953084438899974,26.0,0.0,0.029990628,3200.0,2,2.0,0,0.0,3.0,0.0,0.0,0.0,0.0,,,,,
0.537344212,57.0,0.0,0.627822789,5800.0,19,0.0,1,0.0,0.0,0.0,0.0,0.0,0.0,,,,,
0.0,39.0,0.0,0.646680942,1400.0,4,0.0,1,0.0,0.0,0.0,0.0,0.0,0.0,,,,,
0.015092699,30.0,0.0,0.085559206,7000.0,10,0.0,0,0.0,0.0,0.0,0.0,0.0,0.0,,,,,
0.13057163,36.0,0.0,0.381949733,7877.0,7,1.0,2,0.0,0.0,0.0,0.0,0.0,0.0,,,,,
0.052145046,54.0,0.0,0.480418894,9166.0,15,0.0,1,0.0,0.0,0.0,0.0,0.0,0.0,,,,,
0.052555695,71.0,0.0,33.0,,8,0.0,0,0.0,0.0,1.0,0.0,0.0,0.0,,,,,
0.587179948,45.0,2.0,0.528596187,7500.0,11,0.0,2,0.0,3.0,0.0,0.0,0.0,0.0,,,,,
0.069203325,68.0,0.0,0.420616905,7488.0,13,0.0,1,0.0,3.0,0.0,0.0,0.0,0.0,,,,,
0.374069944,43.0,0.0,0.180852334,8376.0,8,0.0,1,0.0,3.0,0.0,0.0,0.0,0.0,,,,,
0.070702939,58.0,0.0,0.013128176,7083.0,9,0.0,0,0.0,0.0,0.0,0.0,0.0,0.0,,,,,
0.994632144,30.0,1.0,0.193654822,3939.0,5,0.0,0,0.0,0.0,0.0,0.0,0.0,0.0,,,,,
0.102649558,59.0,1.0,0.144900784,6500.0,10,0.0,2,0.0,1.0,0.0,0.0,0.0,0.0,,,,,
0.077666577,74.0,0.0,0.37307592,7665.0,15,0.0,1,0.0,0.0,0.0,0.0,0.0,0.0,,,,,
0.9999999,59.0,0.0,0.0,5382.0,0,0.0,0,0.0,0.0,0.0,0.0,0.0,0.0,,,,,
0.067136254,52.0,0.0,63.0,5382.0,4,0.0,0,0.0,1.0,0.0,0.0,0.0,0.0,,,,,
0.360215424,47.0,0.0,0.420969931,14000.0,14,0.0,3,0.0,2.0,0.0,0.0,0.0,0.0,,,,,
0.038324224,39.0,0.0,0.183918259,,4,0.0,0,0.0,1.0,1.0,0.0,0.0,0.0,,,,,
0.050912144,62.0,1.0,3059.0,,8,0.0,1,0.0,0.0,1.0,0.0,0.0,0.0,,,,,
0.04223066,56.0,0.0,0.214678532,10000.0,7,0.0,1,0.0,0.0,0.0,0.0,0.0,0.0,,,,,
0.0,54.0,0.0,0.488691732,13750.0,5,0.0,3,0.0,,0.0,1.0,0.0,0.0,,,,,
0.289104052,55.0,3.0,0.344992159,14666.0,19,0.0,1,0.0,1.0,0.0,0.0,0.0,0.0,,,,,
0.9999999,42.0,0.0,181.0,5382.0,1,0.0,0,0.0,0.0,0.0,0.0,0.0,0.0,,,,,
0.066993769,61.0,0.0,2523.0,5382.0,10,0.0,2,0.0,1.0,0.0,0.0,0.0,0.0,,,,,
0.9999999,63.0,0.0,3045.0,0.0,2,0.0,1,0.0,0.0,0.0,0.0,0.0,0.0,,,,,
0.008898482,44.0,0.0,0.928162746,4718.0,7,0.0,2,0.0,2.0,0.0,0.0,0.0,0.0,,,,,
0.113997185,71.0,1.0,0.071538951,11000.0,10,0.0,0,0.0,1.0,0.0,0.0,0.0,0.0,,,,,
0.072487691,54.0,1.0,0.094714949,18750.0,9,0.0,1,0.0,1.0,0.0,0.0,0.0,0.0,,,,,
0.143418166,43.0,0.0,0.577210936,6546.0,21,0.0,2,0.0,2.0,0.0,0.0,0.0,0.0,,,,,
0.156314908,58.0,0.0,0.386846902,,7,0.0,2,0.0,1.0,1.0,0.0,0.0,0.0,,,,,
0.502691432,41.0,0.0,0.128703872,5500.0,4,0.0,0,0.0,2.0,0.0,0.0,0.0,0.0,,,,,
0.0,31.0,0.0,208.0,,7,0.0,0,0.0,2.0,1.0,0.0,0.0,0.0,,,,,
0.011268279,81.0,0.0,0.109824281,5007.0,14,0.0,1,0.0,0.0,0.0,0.0,0.0,0.0,,,,,
0.00539964,61.0,0.0,1830.0,5382.0,16,0.0,1,0.0,0.0,0.0,0.0,0.0,0.0,,,,,
0.230445123,38.0,0.0,0.49564348,7000.0,8,0.0,2,0.0,2.0,0.0,0.0,0.0,0.0,,,,,
1.028394321,36.0,1.0,0.882121807,2035.0,7,0.0,1,0.0,0.0,0.0,0.0,0.0,0.0,,,,,
0.290232337,75.0,3.0,0.257828542,7791.0,17,0.0,3,0.0,0.0,0.0,0.0,0.0,0.0,,,,,
0.074953263,38.0,1.0,6.936127745,500.0,6,0.0,1,0.0,0.0,0.0,0.0,0.0,0.0,,,,,
0.356235157,34.0,0.0,0.170365927,5000.0,8,0.0,0,0.0,0.0,0.0,0.0,0.0,0.0,,,,,
0.281175144,54.0,0.0,1826.0,5382.0,10,0.0,2,0.0,0.0,0.0,0.0,0.0,0.0,,,,,
0.658371401,49.0,0.0,0.370902818,10433.0,18,4.0,1,0.0,1.0,0.0,0.0,0.0,0.0,,,,,
0.286206563,37.0,0.0,0.164341518,3583.0,9,0.0,0,0.0,0.0,0.0,0.0,0.0,0.0,,,,,
0.71976008,47.0,0.0,64.0,5382.0,2,2.0,0,0.0,,0.0,1.0,0.0,0.0,,,,,
0.9999999,55.0,0.0,0.16382668,,3,0.0,0,0.0,0.0,1.0,0.0,0.0,0.0,,,,,
0.224038798,36.0,0.0,0.302011646,11333.0,8,0.0,4,0.0,3.0,0.0,0.0,0.0,0.0,,,,,
0.015889619,54.0,0.0,2.787709497,2326.0,9,0.0,3,0.0,0.0,0.0,0.0,0.0,0.0,,,,,
0.312199341,28.0,0.0,1341.0,5382.0,4,0.0,0,0.0,0.0,0.0,0.0,0.0,0.0,,,,,
0.032532211,39.0,1.0,0.093080132,6950.0,5,0.0,0,0.0,0.0,0.0,0.0,0.0,0.0,,,,,
0.069797445,69.0,0.0,0.116009281,4740.0,2,0.0,0,0.0,1.0,0.0,0.0,0.0,0.0,,,,,
0.0,46.0,0.0,4021.0,5382.0,7,0.0,2,0.0,0.0,0.0,0.0,0.0,0.0,,,,,
0.0,47.0,0.0,1746.0,5382.0,7,0.0,1,0.0,,0.0,1.0,0.0,0.0,,,,,
0.9999999,61.0,0.0,0.016959878,7900.0,1,1.0,0,0.0,0.0,0.0,0.0,0.0,0.0,,,,,
0.38388475,58.0,0.0,0.506360867,,10,0.0,1,0.0,0.0,1.0,0.0,0.0,0.0,,,,,
0.938967622,64.0,1.0,0.497233518,15000.0,6,0.0,2,0.0,3.0,0.0,0.0,0.0,0.0,,,,,
0.021045201,58.0,0.0,0.00433635,5303.0,3,0.0,0,0.0,0.0,0.0,0.0,0.0,0.0,,,,,
0.0,35.0,0.0,0.229297234,11966.0,11,0.0,2,0.0,1.0,0.0,0.0,0.0,0.0,,,,,
0.0,21.0,0.0,0.0,1.0,1,0.0,0,0.0,1.0,0.0,0.0,0.0,0.0,,,,,
0.824476301,42.0,1.0,0.716467648,3600.0,6,0.0,1,0.0,3.0,0.0,0.0,0.0,0.0,,,,,
0.049714809,47.0,0.0,0.298752834,10583.0,7,0.0,2,0.0,1.0,0.0,0.0,0.0,0.0,,,,,
0.072664648,60.0,0.0,0.343384665,12402.0,9,0.0,1,0.0,1.0,0.0,0.0,0.0,0.0,,,,,
0.113082483,71.0,0.0,118.0,0.0,4,0.0,0,0.0,0.0,0.0,0.0,0.0,0.0,,,,,
0.382816706,66.0,0.0,1547.0,5382.0,6,0.0,1,0.0,0.0,0.0,0.0,0.0,0.0,,,,,
0.059915418,78.0,0.0,0.361039703,3500.0,3,0.0,0,0.0,0.0,0.0,0.0,0.0,0.0,,,,,
0.713334131,48.0,0.0,0.230268141,6600.0,8,0.0,1,0.0,2.0,0.0,0.0,0.0,0.0,,,,,
0.750067566,46.0,0.0,0.35417843,7083.0,14,0.0,1,0.0,0.0,0.0,0.0,0.0,0.0,,,,,
0.0,50.0,0.0,0.0,5382.0,3,0.0,0,0.0,2.0,0.0,0.0,0.0,0.0,,,,,
0.417649433,44.0,0.0,0.182319118,4173.0,6,0.0,0,0.0,2.0,0.0,0.0,0.0,0.0,,,,,
8.93e-05,32.0,0.0,0.0,5502.0,2,0.0,0,0.0,0.0,0.0,0.0,0.0,0.0,,,,,
1.069883527,41.0,3.0,0.212540193,3109.0,6,1.0,0,0.0,3.0,0.0,0.0,0.0,0.0,,,,,
0.979260219,44.0,0.0,0.710096634,3000.0,13,0.0,2,0.0,1.0,0.0,0.0,0.0,0.0,,,,,
0.0,33.0,1.0,0.134105342,2676.0,2,0.0,0,0.0,3.0,0.0,0.0,0.0,0.0,,,,,
0.567216392,71.0,0.0,0.015841584,3029.0,3,0.0,0,0.0,0.0,0.0,0.0,0.0,0.0,,,,,
0.154135642,59.0,0.0,3236.0,,9,0.0,2,0.0,0.0,1.0,0.0,0.0,0.0,,,,,
0.0,24.0,0.0,0.207916833,2500.0,2,0.0,0,0.0,0.0,0.0,0.0,0.0,0.0,,,,,
0.380694643,48.0,0.0,0.247613853,11000.0,6,0.0,1,0.0,1.0,0.0,0.0,0.0,0.0,,,,,
0.592673494,44.0,0.0,0.542387437,8150.0,14,0.0,2,1.0,2.0,0.0,0.0,0.0,0.0,,,,,
0.00988417,54.0,0.0,0.310737852,5000.0,20,0.0,1,0.0,2.0,0.0,0.0,0.0,0.0,,,,,
0.044665099,57.0,1.0,0.569145667,3253.0,8,0.0,1,1.0,1.0,0.0,0.0,0.0,0.0,,,,,
0.05853885,48.0,0.0,0.251408835,5500.0,26,0.0,1,0.0,0.0,0.0,0.0,0.0,0.0,,,,,
0.037563846,53.0,0.0,52.0,5382.0,5,0.0,0,0.0,0.0,0.0,0.0,0.0,0.0,,,,,
0.107766958,42.0,0.0,0.339457568,,6,0.0,2,0.0,0.0,1.0,0.0,0.0,0.0,,,,,
0.011520873,45.0,1.0,17.0,5382.0,6,0.0,0,0.0,0.0,0.0,0.0,0.0,0.0,,,,,
0.0,38.0,0.0,1889.0,,6,0.0,2,0.0,2.0,1.0,0.0,0.0,0.0,,,,,
0.9999999,52.0,0.0,0.740286299,4400.0,3,1.0,1,0.0,0.0,0.0,0.0,0.0,0.0,,,,,
0.141558599,49.0,1.0,0.37437055,5758.0,7,1.0,2,1.0,3.0,0.0,0.0,0.0,0.0,,,,,
0.005807114,79.0,0.0,0.061900192,,12,0.0,1,0.0,0.0,1.0,0.0,0.0,0.0,,,,,
0.846307385,47.0,0.0,0.192935688,,3,0.0,0,0.0,0.0,1.0,0.0,0.0,0.0,,,,,
0.540101023,45.0,0.0,0.337779472,7871.0,13,0.0,1,0.0,,0.0,1.0,0.0,0.0,,,,,
0.036865922,51.0,0.0,0.268410269,8296.0,10,0.0,1,0.0,1.0,0.0,0.0,0.0,0.0,,,,,
0.132457336,76.0,0.0,0.49877571,,13,0.0,2,0.0,1.0,1.0,0.0,0.0,0.0,,,,,
0.053770283,83.0,0.0,0.006528633,5360.0,5,0.0,0,0.0,1.0,0.0,0.0,0.0,0.0,,,,,
0.011679691,83.0,0.0,0.04797891,5689.0,7,0.0,0,0.0,0.0,0.0,0.0,0.0,0.0,,,,,
0.41283403,52.0,1.0,0.086436281,11950.0,8,1.0,1,1.0,1.0,0.0,0.0,0.0,0.0,,,,,
0.016898559,61.0,0.0,0.250107128,7000.0,8,0.0,1,0.0,0.0,0.0,0.0,0.0,0.0,,,,,
0.24718235,52.0,0.0,0.103689631,10000.0,10,0.0,1,0.0,0.0,0.0,0.0,0.0,0.0,,,,,
0.740217319,68.0,0.0,0.064434985,5167.0,1,0.0,0,0.0,0.0,0.0,0.0,0.0,0.0,,,,,
0.064189337,55.0,0.0,0.095143284,14062.0,11,0.0,2,0.0,1.0,0.0,0.0,0.0,0.0,,,,,
0.021639963,54.0,0.0,27.0,,7,0.0,0,0.0,0.0,1.0,0.0,0.0,0.0,,,,,
0.703447841,60.0,0.0,0.354541649,7166.0,9,0.0,0,0.0,1.0,0.0,0.0,0.0,0.0,,,,,
0.07561093,61.0,0.0,0.467323187,3350.0,9,0.0,2,0.0,0.0,0.0,0.0,0.0,0.0,,,,,
0.058618828,41.0,1.0,0.049761365,12780.0,5,0.0,0,0.0,1.0,0.0,0.0,0.0,0.0,,,,,
0.090982794,25.0,0.0,30.0,0.0,5,0.0,0,0.0,0.0,0.0,0.0,0.0,0.0,,,,,
0.051526796,49.0,0.0,0.152730909,8000.0,3,0.0,1,0.0,2.0,0.0,0.0,0.0,0.0,,,,,
0.003162157,52.0,0.0,0.032935098,,14,0.0,0,0.0,0.0,1.0,0.0,0.0,0.0,,,,,
0.118515259,45.0,0.0,0.384794234,4300.0,4,0.0,1,0.0,2.0,0.0,0.0,0.0,0.0,,,,,
0.2042922,51.0,0.0,548.0,0.0,10,0.0,0,0.0,0.0,0.0,0.0,0.0,0.0,,,,,
0.001163594,37.0,0.0,186.0,5382.0,5,0.0,1,0.0,0.0,0.0,0.0,0.0,0.0,,,,,
0.9999999,46.0,0.0,484.0,5382.0,1,2.0,0,1.0,0.0,0.0,0.0,0.0,0.0,,,,,
0.095735829,52.0,0.0,3662.0,0.0,8,0.0,1,0.0,4.0,0.0,0.0,0.0,0.0,,,,,
0.088193682,53.0,0.0,1.019029189,6200.0,22,0.0,4,0.0,2.0,0.0,0.0,0.0,0.0,,,,,
0.016017539,77.0,0.0,702.0,5382.0,6,0.0,1,0.0,0.0,0.0,0.0,0.0,0.0,,,,,
0.847967329,35.0,0.0,17.17821782,100.0,8,0.0,0,0.0,0.0,0.0,0.0,0.0,0.0,,,,,
0.077996455,40.0,0.0,1095.0,5382.0,4,0.0,1,1.0,,0.0,1.0,0.0,0.0,,,,,
0.040564773,71.0,0.0,0.291714123,7023.0,15,0.0,2,0.0,2.0,0.0,0.0,0.0,0.0,,,,,
0.075010265,82.0,0.0,0.375446574,6157.0,21,0.0,3,0.0,1.0,0.0,0.0,0.0,0.0,,,,,
0.058901659,56.0,0.0,0.252482811,7853.0,14,0.0,2,0.0,3.0,0.0,0.0,0.0,0.0,,,,,
0.00899907,57.0,0.0,0.155256316,,13,0.0,2,0.0,0.0,1.0,0.0,0.0,0.0,,,,,
0.9999999,46.0,1.0,0.177249392,3700.0,6,0.0,0,0.0,2.0,0.0,0.0,0.0,0.0,,,,,
0.438630079,64.0,0.0,2769.0,,7,0.0,2,0.0,3.0,1.0,0.0,0.0,0.0,,,,,
0.027242189,61.0,0.0,0.325292657,11275.0,6,0.0,2,0.0,0.0,0.0,0.0,0.0,0.0,,,,,
0.502587435,65.0,0.0,0.144708423,4166.0,2,0.0,0,0.0,0.0,0.0,0.0,0.0,0.0,,,,,
0.901643726,41.0,0.0,2521.0,5382.0,7,0.0,2,0.0,0.0,0.0,0.0,0.0,0.0,,,,,
0.028126287,71.0,0.0,0.00733089,,3,0.0,0,0.0,0.0,1.0,0.0,0.0,0.0,,,,,
0.575561629,41.0,4.0,0.585602742,5250.0,7,1.0,1,1.0,2.0,0.0,0.0,0.0,0.0,,,,,
0.402840168,31.0,1.0,0.472853535,,6,0.0,0,1.0,0.0,1.0,0.0,0.0,0.0,,,,,
0.820964234,58.0,0.0,0.180140993,13333.0,7,0.0,1,2.0,0.0,0.0,0.0,0.0,0.0,,,,,
0.082583377,64.0,1.0,1.088590141,2900.0,14,0.0,2,0.0,1.0,0.0,0.0,0.0,0.0,,,,,
0.560523027,48.0,0.0,0.202702703,5031.0,6,0.0,1,1.0,2.0,0.0,0.0,0.0,0.0,,,,,
0.883058711,52.0,0.0,0.325521393,,7,0.0,1,0.0,0.0,1.0,0.0,0.0,0.0,,,,,
1.037481259,71.0,0.0,0.336077624,3400.0,9,0.0,1,0.0,0.0,0.0,0.0,0.0,0.0,,,,,
0.031851009,33.0,0.0,0.977502812,2666.0,7,0.0,1,0.0,0.0,0.0,0.0,0.0,0.0,,,,,
0.023929573,43.0,0.0,4977.0199999999895,0.0,8,0.0,2,0.0,0.0,0.0,0.0,0.0,0.0,,,,,
0.05342563,34.0,1.0,0.722447036,4200.0,12,0.0,1,0.0,0.0,0.0,0.0,0.0,0.0,,,,,
0.945427073,30.0,1.0,0.425216316,2426.0,9,0.0,0,0.0,1.0,0.0,0.0,0.0,0.0,,,,,
0.438228314,55.0,0.0,0.653494772,9084.0,6,0.0,2,0.0,0.0,0.0,0.0,0.0,0.0,,,,,
0.375203073,60.0,1.0,0.151324162,16500.0,11,0.0,1,0.0,0.0,0.0,0.0,0.0,0.0,,,,,
0.032315223,61.0,0.0,0.095726068,4000.0,4,0.0,0,0.0,0.0,0.0,0.0,0.0,0.0,,,,,
0.027148643,35.0,0.0,0.239790098,8765.0,6,0.0,1,0.0,3.0,0.0,0.0,0.0,0.0,,,,,
0.357857129,65.0,1.0,0.145877975,,10,0.0,1,0.0,1.0,1.0,0.0,0.0,0.0,,,,,
0.533822059,36.0,0.0,0.20330527,3206.0,5,0.0,0,0.0,2.0,0.0,0.0,0.0,0.0,,,,,
0.034421473,69.0,0.0,0.042383047,2500.0,17,0.0,0,0.0,1.0,0.0,0.0,0.0,0.0,,,,,
0.542161672,51.0,1.0,0.093229216,10500.0,11,0.0,0,0.0,0.0,0.0,0.0,0.0,0.0,,,,,
0.109511266,55.0,0.0,1102.0,5382.0,5,0.0,1,0.0,0.0,0.0,0.0,0.0,0.0,,,,,
0.112321289,53.0,0.0,0.266909775,8500.0,9,0.0,1,0.0,5.0,0.0,0.0,0.0,0.0,,,,,
0.041469775,60.0,0.0,3373.0,5382.0,10,0.0,2,0.0,0.0,0.0,0.0,0.0,0.0,,,,,
0.431563336,50.0,0.0,0.659956582,5066.0,10,0.0,2,0.0,0.0,0.0,0.0,0.0,0.0,,,,,
0.142794671,86.0,0.0,0.372155033,10500.0,10,1.0,1,1.0,0.0,0.0,0.0,0.0,0.0,,,,,
0.369012134,46.0,0.0,4977.0199999999895,5382.0,11,0.0,1,0.0,2.0,0.0,0.0,0.0,0.0,,,,,
0.173767724,62.0,0.0,0.4619868,11666.0,21,0.0,3,0.0,1.0,0.0,0.0,0.0,0.0,,,,,
0.0,44.0,0.0,0.0,4149.0,3,0.0,0,0.0,1.0,0.0,0.0,0.0,0.0,,,,,
0.431234098,91.0,2.0,0.304861427,2200.0,7,0.0,0,0.0,0.0,0.0,0.0,0.0,0.0,,,,,
0.9999999,62.0,0.0,56.0,5382.0,0,0.0,0,0.0,1.0,0.0,0.0,0.0,0.0,,,,,
0.9999999,53.0,1.0,0.068295391,1800.0,3,1.0,0,0.0,1.0,0.0,0.0,0.0,0.0,,,,,
0.0,54.0,0.0,0.32758215,12750.0,11,0.0,1,0.0,2.0,0.0,0.0,0.0,0.0,,,,,
0.536158474,59.0,1.0,1781.5,1.0,22,0.0,1,1.0,1.0,0.0,0.0,0.0,0.0,,,,,
0.691803424,68.0,0.0,0.969484391,,8,0.0,0,0.0,0.0,1.0,0.0,0.0,0.0,,,,,
0.784234416,43.0,0.0,0.679856872,4750.0,10,0.0,1,0.0,4.0,0.0,0.0,0.0,0.0,,,,,
0.948457949,51.0,0.0,999.0,5382.0,3,0.0,0,0.0,0.0,0.0,0.0,0.0,0.0,,,,,
0.686322041,37.0,0.0,0.360970408,3750.0,7,0.0,2,0.0,0.0,0.0,0.0,0.0,0.0,,,,,
0.042472893,49.0,0.0,0.379745884,13300.0,15,0.0,2,0.0,1.0,0.0,0.0,0.0,0.0,,,,,
0.0,43.0,1.0,0.402134472,,10,0.0,1,0.0,0.0,1.0,0.0,0.0,0.0,,,,,
0.061394951,71.0,0.0,0.384803377,4500.0,11,0.0,1,0.0,0.0,0.0,0.0,0.0,0.0,,,,,
0.0,56.0,0.0,0.0,5382.0,1,0.0,0,0.0,0.0,0.0,0.0,0.0,0.0,,,,,
0.016765601,46.0,0.0,0.664957966,,6,0.0,2,0.0,0.0,1.0,0.0,0.0,0.0,,,,,
0.17797512,57.0,0.0,0.308797256,13992.0,14,0.0,3,0.0,0.0,0.0,0.0,0.0,0.0,,,,,
0.056431452,53.0,0.0,0.0051488,9710.0,2,0.0,0,0.0,3.0,0.0,0.0,0.0,0.0,,,,,
0.01395715,45.0,0.0,0.142800737,7597.0,14,0.0,2,0.0,0.0,0.0,0.0,0.0,0.0,,,,,
0.020518143,58.0,0.0,0.236727046,1600.0,4,0.0,0,0.0,0.0,0.0,0.0,0.0,0.0,,,,,
0.001715875,44.0,0.0,1.222710916,,7,0.0,2,0.0,1.0,1.0,0.0,0.0,0.0,,,,,
0.994002999,26.0,1.0,0.19990005,2000.0,2,0.0,0,0.0,0.0,0.0,0.0,0.0,0.0,,,,,
0.299898776,29.0,0.0,0.43818596,4828.0,11,1.0,1,0.0,1.0,0.0,0.0,0.0,0.0,,,,,
0.008657602,61.0,0.0,0.17100604,4800.0,7,0.0,1,0.0,1.0,0.0,0.0,0.0,0.0,,,,,
0.839216571,48.0,0.0,1.261719618,4500.0,13,0.0,1,0.0,1.0,0.0,0.0,0.0,0.0,,,,,
1.0953084438899974,54.0,0.0,0.121319853,9000.0,4,3.0,0,0.0,3.0,0.0,0.0,0.0,0.0,,,,,
0.00960377,48.0,0.0,0.002239642,,5,0.0,0,0.0,0.0,1.0,0.0,0.0,0.0,,,,,
0.001980029,69.0,0.0,0.583138954,3000.0,10,0.0,1,0.0,0.0,0.0,0.0,0.0,0.0,,,,,
0.081219394,55.0,0.0,0.222287794,10166.0,12,0.0,1,0.0,0.0,0.0,0.0,0.0,0.0,,,,,
0.016576764,67.0,3.0,0.245188703,4000.0,18,0.0,1,0.0,0.0,0.0,0.0,0.0,0.0,,,,,
0.0,38.0,0.0,0.0,,2,0.0,0,0.0,1.0,1.0,0.0,0.0,0.0,,,,,
0.075561543,60.0,0.0,0.363960653,9250.0,12,0.0,3,0.0,2.0,0.0,0.0,0.0,0.0,,,,,
0.262521666,57.0,0.0,0.019664482,,2,0.0,0,0.0,0.0,1.0,0.0,0.0,0.0,,,,,
0.9999999,37.0,0.0,3368.0,5382.0,4,0.0,2,0.0,0.0,0.0,0.0,0.0,0.0,,,,,
0.065805979,52.0,0.0,0.058771386,11280.0,9,1.0,0,0.0,1.0,0.0,0.0,0.0,0.0,,,,,
0.083155925,31.0,0.0,1128.0,0.0,5,0.0,1,0.0,2.0,0.0,0.0,0.0,0.0,,,,,
0.416544329,61.0,0.0,4977.0199999999895,,12,0.0,2,1.0,0.0,1.0,0.0,0.0,0.0,,,,,
0.086333744,38.0,1.0,0.284178463,5580.0,13,0.0,1,0.0,3.0,0.0,0.0,0.0,0.0,,,,,
0.205599467,57.0,0.0,0.192590003,2860.0,5,0.0,0,0.0,0.0,0.0,0.0,0.0,0.0,,,,,
0.248898634,72.0,0.0,1681.0,5382.0,17,0.0,0,0.0,0.0,0.0,0.0,0.0,0.0,,,,,
0.9999999,39.0,0.0,0.012516129,,1,0.0,0,0.0,0.0,1.0,0.0,0.0,0.0,,,,,
0.425085262,49.0,1.0,3350.0,5382.0,12,0.0,2,0.0,1.0,0.0,0.0,0.0,0.0,,,,,
0.0,24.0,0.0,0.0,2083.0,1,0.0,0,0.0,0.0,0.0,0.0,0.0,0.0,,,,,
0.11884745,60.0,0.0,1765.5,1.0,11,0.0,1,0.0,0.0,0.0,0.0,0.0,0.0,,,,,
0.109023443,61.0,0.0,1344.0,5382.0,9,0.0,1,0.0,0.0,0.0,0.0,0.0,0.0,,,,,
1.0953084438899974,39.0,2.0,1.154265467,,12,1.0,2,0.0,0.0,1.0,0.0,0.0,0.0,,,,,
1.0953084438899974,57.0,1.0,0.196728188,2383.0,3,4.0,0,1.0,1.0,0.0,0.0,0.0,0.0,,,,,
0.043665696,36.0,0.0,0.284102271,7000.0,5,0.0,2,0.0,0.0,0.0,0.0,0.0,0.0,,,,,
0.9999999,56.0,0.0,0.258056928,4250.0,2,0.0,1,0.0,0.0,0.0,0.0,0.0,0.0,,,,,
0.039991506,51.0,0.0,0.687479604,9192.0,36,0.0,1,0.0,0.0,0.0,0.0,0.0,0.0,,,,,
0.07245235,61.0,0.0,493.0,5382.0,4,0.0,0,0.0,,0.0,1.0,0.0,0.0,,,,,
0.76,45.0,2.0,0.34,5200.0,8,0.0,1,0.0,2.0,0.0,0.0,0.0,0.0,,,,,
0.76,45.0,2.0,0.34,5200.0,8,0.0,1,0.0,2.0,,,,,,,,,
0.76,45.0,2.0,0.34,5200.0,8,0.0,1,0.0,2.0,,,,,,,,,
0.76,45.0,2.0,0.34,5200.0,8,0.0,1,0.0,2.0,,,,,,,,,
0.76,45.0,2.0,0.34,5200.0,8,0.0,1,0.0,2.0,,,,,,,,,
0.76,45.0,2.0,0.34,5200.0,8,0.0,1,0.0,2.0,,,,,,,,,
0.76,45.0,2.0,0.34,5200.0,8,0.0,1,0.0,2.0,,,,,,,,,
0.76,45.0,2.0,0.34,5200.0,8,0.0,1,0.0,2.0,,,,,,,,,
0.76,45.0,2.0,0.34,5200.0,8,0.0,1,0.0,2.0,,,,,,,,,
0.76,45.0,2.0,0.34,5200.0,8,0.0,1,0.0,2.0,,,,,,,,,
0.76,45.0,2.0,0.34,5200.0,8,0.0,1,0.0,2.0,,,,,,,,,
0.76,45.0,2.0,0.34,5200.0,8,0.0,1,0.0,2.0,,,,,1.0,0.8,high_risk,,
0.76,45.0,2.0,0.34,5200.0,8,0.0,1,0.0,2.0,,,,,1.0,0.8,high_risk,,
0.76,45.0,2.0,0.34,5200.0,8,0.0,1,0.0,2.0,,,,,1.0,0.8,high_risk,,
0.76,45.0,2.0,0.34,5200.0,8,0.0,1,0.0,2.0,,,,,1.0,0.8,high_risk,,
0.76,45.0,2.0,0.34,5200.0,8,0.0,1,0.0,2.0,,,,,1.0,0.8,high_risk,,
0.76,45.0,2.0,0.34,5200.0,8,0.0,1,0.0,2.0,,,,,1.0,0.8,high_risk,,
0.76,45.0,2.0,0.34,5200.0,8,0.0,1,0.0,2.0,,,,,1.0,0.8,high_risk,,
0.76,45.0,2.0,0.34,5200.0,8,0.0,1,0.0,2.0,,,,,1.0,0.8,high_risk,,
0.76,45.0,2.0,0.34,5200.0,8,0.0,1,0.0,2.0,,,,,1.0,0.8,high_risk,,
0.76,45.0,2.0,0.34,5200.0,8,0.0,1,0.0,2.0,,,,,1.0,0.8,high_risk,,
0.76,45.0,2.0,0.34,5200.0,8,0.0,1,0.0,2.0,,,,,1.0,0.8,high_risk,,
0.76,45.0,2.0,0.34,5200.0,8,0.0,1,0.0,2.0,,,,,1.0,0.8,high_risk,,
0.76,45.0,2.0,0.34,5200.0,8,0.0,1,0.0,2.0,,,,,1.0,0.8,high_risk,,
0.76,45.0,2.0,0.34,5200.0,8,0.0,1,0.0,2.0,,,,,1.0,0.8,high_risk,,
0.76,45.0,2.0,0.34,5200.0,8,0.0,1,0.0,2.0,,,,,1.0,0.8,high_risk,,
0.76,45.0,2.0,0.34,5200.0,8,0.0,1,0.0,2.0,,,,,1.0,0.8,high_risk,,
0.76,45.0,2.0,0.34,5200.0,8,0.0,1,0.0,2.0,,,,,1.0,0.8,high_risk,,
0.76,45.0,2.0,0.34,5200.0,8,0.0,1,0.0,2.0,,,,,1.0,0.8,high_risk,,
0.76,45.0,2.0,0.34,5200.0,8,0.0,1,0.0,2.0,,,,,1.0,0.8,high_risk,,
0.76,45.0,2.0,0.34,5200.0,8,0.0,1,0.0,2.0,,,,,1.0,0.8,high_risk,,
0.76,45.0,2.0,0.34,5200.0,8,0.0,1,0.0,2.0,,,,,1.0,0.8,high_risk,,
0.76,45.0,2.0,0.34,5200.0,8,0.0,1,0.0,2.0,,,,,1.0,0.8,high_risk,,
0.76,45.0,2.0,0.34,5200.0,8,0.0,1,0.0,2.0,,,,,1.0,0.8,high_risk,,
0.76,45.0,2.0,0.34,5200.0,8,0.0,1,0.0,2.0,,,,,1.0,0.8,high_risk,,
0.76,45.0,2.0,0.34,5200.0,8,0.0,1,0.0,2.0,,,,,1.0,0.8,high_risk,,
